[
  {
    "id": 20,
    "name": "Beauty & Personal Care Product 20",
    "category": "Beauty & Personal Care",
    "price": 132.49,
    "sku": "SKU-20-2810",
    "description": "High-quality Beauty & Personal Care Product 20 designed for performance and durability.",
    "image": "https://picsum.photos/200/300",
    "stock": 34
  },
  {
    "id": 24,
    "name": "Beauty & Personal Care Product 24",
    "category": "Beauty & Personal Care",
    "price": 162.71,
    "sku": "SKU-24-9220",
    "description": "High-quality Beauty & Personal Care Product 24 designed for performance and durability.",
    "image": "https://picsum.photos/200/300",
    "stock": 139
  },
  {
    "id": 51,
    "name": "Beauty & Personal Care Product 51",
    "category": "Beauty & Personal Care",
    "price": 133,
    "sku": "SKU-51-3902",
    "description": "High-quality Beauty & Personal Care Product 51 designed for performance and durability.",
    "image": "https://picsum.photos/200/300",
    "stock": 87
  },
  {
    "id": 62,
    "name": "Beauty & Personal Care Product 62",
    "category": "Beauty & Personal Care",
    "price": 16.69,
    "sku": "SKU-62-5981",
    "description": "High-quality Beauty & Personal Care Product 62 designed for performance and durability.",
    "image": "https://picsum.photos/200/300",
    "stock": 3
  },
  {
    "id": 94,
    "name": "Beauty & Personal Care Product 94",
    "category": "Beauty & Personal Care",
    "price": 164.89,
    "sku": "SKU-94-4108",
    "description": "High-quality Beauty & Personal Care Product 94 designed for performance and durability.",
    "image": "https://picsum.photos/200/300",
    "stock": 137
  },
  {
    "id": 102,
    "name": "Beauty & Personal Care Product 102",
    "category": "Beauty & Personal Care",
    "price": 172.16,
    "sku": "SKU-102-3080",
    "description": "High-quality Beauty & Personal Care Product 102 designed for performance and durability.",
    "image": "https://picsum.photos/200/300",
    "stock": 88
  },
  {
    "id": 109,
    "name": "Beauty & Personal Care Product 109",
    "category": "Beauty & Personal Care",
    "price": 23.46,
    "sku": "SKU-109-1260",
    "description": "High-quality Beauty & Personal Care Product 109 designed for performance and durability.",
    "image": "https://picsum.photos/200/300",
    "stock": 24
  },
  {
    "id": 128,
    "name": "Beauty & Personal Care Product 128",
    "category": "Beauty & Personal Care",
    "price": 70.74,
    "sku": "SKU-128-1075",
    "description": "High-quality Beauty & Personal Care Product 128 designed for performance and durability.",
    "image": "https://picsum.photos/200/300",
    "stock": 101
  },
  {
    "id": 129,
    "name": "Beauty & Personal Care Product 129",
    "category": "Beauty & Personal Care",
    "price": 6.06,
    "sku": "SKU-129-7465",
    "description": "High-quality Beauty & Personal Care Product 129 designed for performance and durability.",
    "image": "https://picsum.photos/200/300",
    "stock": 49
  },
  {
    "id": 148,
    "name": "Beauty & Personal Care Product 148",
    "category": "Beauty & Personal Care",
    "price": 31.75,
    "sku": "SKU-148-5131",
    "description": "High-quality Beauty & Personal Care Product 148 designed for performance and durability.",
    "image": "https://picsum.photos/200/300",
    "stock": 50
  },
  {
    "id": 158,
    "name": "Beauty & Personal Care Product 158",
    "category": "Beauty & Personal Care",
    "price": 141.46,
    "sku": "SKU-158-4066",
    "description": "High-quality Beauty & Personal Care Product 158 designed for performance and durability.",
    "image": "https://picsum.photos/200/300",
    "stock": 88
  },
  {
    "id": 161,
    "name": "Beauty & Personal Care Product 161",
    "category": "Beauty & Personal Care",
    "price": 61.99,
    "sku": "SKU-161-2150",
    "description": "High-quality Beauty & Personal Care Product 161 designed for performance and durability.",
    "image": "https://picsum.photos/200/300",
    "stock": 141
  },
  {
    "id": 172,
    "name": "Beauty & Personal Care Product 172",
    "category": "Beauty & Personal Care",
    "price": 162.95,
    "sku": "SKU-172-7938",
    "description": "High-quality Beauty & Personal Care Product 172 designed for performance and durability.",
    "image": "https://picsum.photos/200/300",
    "stock": 109
  },
  {
    "id": 186,
    "name": "Beauty & Personal Care Product 186",
    "category": "Beauty & Personal Care",
    "price": 179.2,
    "sku": "SKU-186-2323",
    "description": "High-quality Beauty & Personal Care Product 186 designed for performance and durability.",
    "image": "https://picsum.photos/200/300",
    "stock": 78
  },
  {
    "id": 202,
    "name": "Beauty & Personal Care Product 202",
    "category": "Beauty & Personal Care",
    "price": 32.39,
    "sku": "SKU-202-9871",
    "description": "High-quality Beauty & Personal Care Product 202 designed for performance and durability.",
    "image": "https://picsum.photos/200/300",
    "stock": 134
  },
  {
    "id": 203,
    "name": "Beauty & Personal Care Product 203",
    "category": "Beauty & Personal Care",
    "price": 84.27,
    "sku": "SKU-203-4981",
    "description": "High-quality Beauty & Personal Care Product 203 designed for performance and durability.",
    "image": "https://picsum.photos/200/300",
    "stock": 127
  },
  {
    "id": 205,
    "name": "Beauty & Personal Care Product 205",
    "category": "Beauty & Personal Care",
    "price": 115.76,
    "sku": "SKU-205-3325",
    "description": "High-quality Beauty & Personal Care Product 205 designed for performance and durability.",
    "image": "https://picsum.photos/200/300",
    "stock": 138
  },
  {
    "id": 224,
    "name": "Beauty & Personal Care Product 224",
    "category": "Beauty & Personal Care",
    "price": 31.88,
    "sku": "SKU-224-5833",
    "description": "High-quality Beauty & Personal Care Product 224 designed for performance and durability.",
    "image": "https://picsum.photos/200/300",
    "stock": 112
  },
  {
    "id": 241,
    "name": "Beauty & Personal Care Product 241",
    "category": "Beauty & Personal Care",
    "price": 168.38,
    "sku": "SKU-241-6149",
    "description": "High-quality Beauty & Personal Care Product 241 designed for performance and durability.",
    "image": "https://picsum.photos/200/300",
    "stock": 132
  },
  {
    "id": 246,
    "name": "Beauty & Personal Care Product 246",
    "category": "Beauty & Personal Care",
    "price": 39.7,
    "sku": "SKU-246-4506",
    "description": "High-quality Beauty & Personal Care Product 246 designed for performance and durability.",
    "image": "https://picsum.photos/200/300",
    "stock": 19
  },
  {
    "id": 249,
    "name": "Beauty & Personal Care Product 249",
    "category": "Beauty & Personal Care",
    "price": 161.41,
    "sku": "SKU-249-6546",
    "description": "High-quality Beauty & Personal Care Product 249 designed for performance and durability.",
    "image": "https://picsum.photos/200/300",
    "stock": 42
  },
  {
    "id": 257,
    "name": "Beauty & Personal Care Product 257",
    "category": "Beauty & Personal Care",
    "price": 79.11,
    "sku": "SKU-257-1376",
    "description": "High-quality Beauty & Personal Care Product 257 designed for performance and durability.",
    "image": "https://picsum.photos/200/300",
    "stock": 134
  },
  {
    "id": 258,
    "name": "Beauty & Personal Care Product 258",
    "category": "Beauty & Personal Care",
    "price": 111.54,
    "sku": "SKU-258-4320",
    "description": "High-quality Beauty & Personal Care Product 258 designed for performance and durability.",
    "image": "https://picsum.photos/200/300",
    "stock": 117
  },
  {
    "id": 260,
    "name": "Beauty & Personal Care Product 260",
    "category": "Beauty & Personal Care",
    "price": 190.19,
    "sku": "SKU-260-9594",
    "description": "High-quality Beauty & Personal Care Product 260 designed for performance and durability.",
    "image": "https://picsum.photos/200/300",
    "stock": 26
  },
  {
    "id": 263,
    "name": "Beauty & Personal Care Product 263",
    "category": "Beauty & Personal Care",
    "price": 124.57,
    "sku": "SKU-263-1629",
    "description": "High-quality Beauty & Personal Care Product 263 designed for performance and durability.",
    "image": "https://picsum.photos/200/300",
    "stock": 57
  },
  {
    "id": 274,
    "name": "Beauty & Personal Care Product 274",
    "category": "Beauty & Personal Care",
    "price": 190.36,
    "sku": "SKU-274-9621",
    "description": "High-quality Beauty & Personal Care Product 274 designed for performance and durability.",
    "image": "https://picsum.photos/200/300",
    "stock": 75
  },
  {
    "id": 279,
    "name": "Beauty & Personal Care Product 279",
    "category": "Beauty & Personal Care",
    "price": 21.29,
    "sku": "SKU-279-4633",
    "description": "High-quality Beauty & Personal Care Product 279 designed for performance and durability.",
    "image": "https://picsum.photos/200/300",
    "stock": 72
  },
  {
    "id": 284,
    "name": "Beauty & Personal Care Product 284",
    "category": "Beauty & Personal Care",
    "price": 31.58,
    "sku": "SKU-284-2584",
    "description": "High-quality Beauty & Personal Care Product 284 designed for performance and durability.",
    "image": "https://picsum.photos/200/300",
    "stock": 40
  },
  {
    "id": 293,
    "name": "Beauty & Personal Care Product 293",
    "category": "Beauty & Personal Care",
    "price": 25.83,
    "sku": "SKU-293-2076",
    "description": "High-quality Beauty & Personal Care Product 293 designed for performance and durability.",
    "image": "https://picsum.photos/200/300",
    "stock": 146
  },
  {
    "id": 301,
    "name": "Beauty & Personal Care Product 301",
    "category": "Beauty & Personal Care",
    "price": 10.09,
    "sku": "SKU-301-4215",
    "description": "High-quality Beauty & Personal Care Product 301 designed for performance and durability.",
    "image": "https://picsum.photos/200/300",
    "stock": 119
  },
  {
    "id": 307,
    "name": "Beauty & Personal Care Product 307",
    "category": "Beauty & Personal Care",
    "price": 79.18,
    "sku": "SKU-307-2795",
    "description": "High-quality Beauty & Personal Care Product 307 designed for performance and durability.",
    "image": "https://picsum.photos/200/300",
    "stock": 150
  },
  {
    "id": 309,
    "name": "Beauty & Personal Care Product 309",
    "category": "Beauty & Personal Care",
    "price": 10.86,
    "sku": "SKU-309-9688",
    "description": "High-quality Beauty & Personal Care Product 309 designed for performance and durability.",
    "image": "https://picsum.photos/200/300",
    "stock": 79
  },
  {
    "id": 310,
    "name": "Beauty & Personal Care Product 310",
    "category": "Beauty & Personal Care",
    "price": 128.43,
    "sku": "SKU-310-1206",
    "description": "High-quality Beauty & Personal Care Product 310 designed for performance and durability.",
    "image": "https://picsum.photos/200/300",
    "stock": 73
  },
  {
    "id": 322,
    "name": "Beauty & Personal Care Product 322",
    "category": "Beauty & Personal Care",
    "price": 140.45,
    "sku": "SKU-322-2607",
    "description": "High-quality Beauty & Personal Care Product 322 designed for performance and durability.",
    "image": "https://picsum.photos/200/300",
    "stock": 117
  },
  {
    "id": 328,
    "name": "Beauty & Personal Care Product 328",
    "category": "Beauty & Personal Care",
    "price": 57.9,
    "sku": "SKU-328-3101",
    "description": "High-quality Beauty & Personal Care Product 328 designed for performance and durability.",
    "image": "https://picsum.photos/200/300",
    "stock": 116
  },
  {
    "id": 331,
    "name": "Beauty & Personal Care Product 331",
    "category": "Beauty & Personal Care",
    "price": 57.61,
    "sku": "SKU-331-9402",
    "description": "High-quality Beauty & Personal Care Product 331 designed for performance and durability.",
    "image": "https://picsum.photos/200/300",
    "stock": 26
  },
  {
    "id": 336,
    "name": "Beauty & Personal Care Product 336",
    "category": "Beauty & Personal Care",
    "price": 130.41,
    "sku": "SKU-336-4353",
    "description": "High-quality Beauty & Personal Care Product 336 designed for performance and durability.",
    "image": "https://picsum.photos/200/300",
    "stock": 65
  },
  {
    "id": 351,
    "name": "Beauty & Personal Care Product 351",
    "category": "Beauty & Personal Care",
    "price": 146.34,
    "sku": "SKU-351-9918",
    "description": "High-quality Beauty & Personal Care Product 351 designed for performance and durability.",
    "image": "https://picsum.photos/200/300",
    "stock": 130
  },
  {
    "id": 353,
    "name": "Beauty & Personal Care Product 353",
    "category": "Beauty & Personal Care",
    "price": 87.65,
    "sku": "SKU-353-2897",
    "description": "High-quality Beauty & Personal Care Product 353 designed for performance and durability.",
    "image": "https://picsum.photos/200/300",
    "stock": 128
  },
  {
    "id": 356,
    "name": "Beauty & Personal Care Product 356",
    "category": "Beauty & Personal Care",
    "price": 142.39,
    "sku": "SKU-356-5777",
    "description": "High-quality Beauty & Personal Care Product 356 designed for performance and durability.",
    "image": "https://picsum.photos/200/300",
    "stock": 116
  },
  {
    "id": 371,
    "name": "Beauty & Personal Care Product 371",
    "category": "Beauty & Personal Care",
    "price": 96.84,
    "sku": "SKU-371-9981",
    "description": "High-quality Beauty & Personal Care Product 371 designed for performance and durability.",
    "image": "https://picsum.photos/200/300",
    "stock": 20
  },
  {
    "id": 375,
    "name": "Beauty & Personal Care Product 375",
    "category": "Beauty & Personal Care",
    "price": 131.99,
    "sku": "SKU-375-5200",
    "description": "High-quality Beauty & Personal Care Product 375 designed for performance and durability.",
    "image": "https://picsum.photos/200/300",
    "stock": 116
  },
  {
    "id": 377,
    "name": "Beauty & Personal Care Product 377",
    "category": "Beauty & Personal Care",
    "price": 115.42,
    "sku": "SKU-377-9561",
    "description": "High-quality Beauty & Personal Care Product 377 designed for performance and durability.",
    "image": "https://picsum.photos/200/300",
    "stock": 79
  },
  {
    "id": 379,
    "name": "Beauty & Personal Care Product 379",
    "category": "Beauty & Personal Care",
    "price": 96.58,
    "sku": "SKU-379-8281",
    "description": "High-quality Beauty & Personal Care Product 379 designed for performance and durability.",
    "image": "https://picsum.photos/200/300",
    "stock": 105
  },
  {
    "id": 384,
    "name": "Beauty & Personal Care Product 384",
    "category": "Beauty & Personal Care",
    "price": 68.3,
    "sku": "SKU-384-8486",
    "description": "High-quality Beauty & Personal Care Product 384 designed for performance and durability.",
    "image": "https://picsum.photos/200/300",
    "stock": 77
  },
  {
    "id": 391,
    "name": "Beauty & Personal Care Product 391",
    "category": "Beauty & Personal Care",
    "price": 53.18,
    "sku": "SKU-391-3050",
    "description": "High-quality Beauty & Personal Care Product 391 designed for performance and durability.",
    "image": "https://picsum.photos/200/300",
    "stock": 11
  },
  {
    "id": 393,
    "name": "Beauty & Personal Care Product 393",
    "category": "Beauty & Personal Care",
    "price": 16.27,
    "sku": "SKU-393-2328",
    "description": "High-quality Beauty & Personal Care Product 393 designed for performance and durability.",
    "image": "https://picsum.photos/200/300",
    "stock": 49
  },
  {
    "id": 405,
    "name": "Beauty & Personal Care Product 405",
    "category": "Beauty & Personal Care",
    "price": 65.9,
    "sku": "SKU-405-3554",
    "description": "High-quality Beauty & Personal Care Product 405 designed for performance and durability.",
    "image": "https://picsum.photos/200/300",
    "stock": 136
  },
  {
    "id": 422,
    "name": "Beauty & Personal Care Product 422",
    "category": "Beauty & Personal Care",
    "price": 140.9,
    "sku": "SKU-422-5625",
    "description": "High-quality Beauty & Personal Care Product 422 designed for performance and durability.",
    "image": "https://picsum.photos/200/300",
    "stock": 89
  },
  {
    "id": 426,
    "name": "Beauty & Personal Care Product 426",
    "category": "Beauty & Personal Care",
    "price": 83.99,
    "sku": "SKU-426-5399",
    "description": "High-quality Beauty & Personal Care Product 426 designed for performance and durability.",
    "image": "https://picsum.photos/200/300",
    "stock": 85
  },
  {
    "id": 427,
    "name": "Beauty & Personal Care Product 427",
    "category": "Beauty & Personal Care",
    "price": 31.13,
    "sku": "SKU-427-7833",
    "description": "High-quality Beauty & Personal Care Product 427 designed for performance and durability.",
    "image": "https://picsum.photos/200/300",
    "stock": 79
  },
  {
    "id": 435,
    "name": "Beauty & Personal Care Product 435",
    "category": "Beauty & Personal Care",
    "price": 126.72,
    "sku": "SKU-435-6419",
    "description": "High-quality Beauty & Personal Care Product 435 designed for performance and durability.",
    "image": "https://picsum.photos/200/300",
    "stock": 70
  },
  {
    "id": 455,
    "name": "Beauty & Personal Care Product 455",
    "category": "Beauty & Personal Care",
    "price": 32.65,
    "sku": "SKU-455-5598",
    "description": "High-quality Beauty & Personal Care Product 455 designed for performance and durability.",
    "image": "https://picsum.photos/200/300",
    "stock": 13
  },
  {
    "id": 459,
    "name": "Beauty & Personal Care Product 459",
    "category": "Beauty & Personal Care",
    "price": 78.61,
    "sku": "SKU-459-1180",
    "description": "High-quality Beauty & Personal Care Product 459 designed for performance and durability.",
    "image": "https://picsum.photos/200/300",
    "stock": 44
  },
  {
    "id": 463,
    "name": "Beauty & Personal Care Product 463",
    "category": "Beauty & Personal Care",
    "price": 70.62,
    "sku": "SKU-463-2946",
    "description": "High-quality Beauty & Personal Care Product 463 designed for performance and durability.",
    "image": "https://picsum.photos/200/300",
    "stock": 89
  },
  {
    "id": 466,
    "name": "Beauty & Personal Care Product 466",
    "category": "Beauty & Personal Care",
    "price": 110.62,
    "sku": "SKU-466-6529",
    "description": "High-quality Beauty & Personal Care Product 466 designed for performance and durability.",
    "image": "https://picsum.photos/200/300",
    "stock": 77
  },
  {
    "id": 470,
    "name": "Beauty & Personal Care Product 470",
    "category": "Beauty & Personal Care",
    "price": 139.91,
    "sku": "SKU-470-3611",
    "description": "High-quality Beauty & Personal Care Product 470 designed for performance and durability.",
    "image": "https://picsum.photos/200/300",
    "stock": 72
  },
  {
    "id": 474,
    "name": "Beauty & Personal Care Product 474",
    "category": "Beauty & Personal Care",
    "price": 33.67,
    "sku": "SKU-474-4113",
    "description": "High-quality Beauty & Personal Care Product 474 designed for performance and durability.",
    "image": "https://picsum.photos/200/300",
    "stock": 114
  },
  {
    "id": 496,
    "name": "Beauty & Personal Care Product 496",
    "category": "Beauty & Personal Care",
    "price": 128.65,
    "sku": "SKU-496-9499",
    "description": "High-quality Beauty & Personal Care Product 496 designed for performance and durability.",
    "image": "https://picsum.photos/200/300",
    "stock": 130
  },
  {
    "id": 503,
    "name": "Beauty & Personal Care Product 503",
    "category": "Beauty & Personal Care",
    "price": 196.69,
    "sku": "SKU-503-5569",
    "description": "High-quality Beauty & Personal Care Product 503 designed for performance and durability.",
    "image": "https://picsum.photos/200/300",
    "stock": 120
  },
  {
    "id": 509,
    "name": "Beauty & Personal Care Product 509",
    "category": "Beauty & Personal Care",
    "price": 198.06,
    "sku": "SKU-509-3195",
    "description": "High-quality Beauty & Personal Care Product 509 designed for performance and durability.",
    "image": "https://picsum.photos/200/300",
    "stock": 32
  },
  {
    "id": 523,
    "name": "Beauty & Personal Care Product 523",
    "category": "Beauty & Personal Care",
    "price": 23.36,
    "sku": "SKU-523-9502",
    "description": "High-quality Beauty & Personal Care Product 523 designed for performance and durability.",
    "image": "https://picsum.photos/200/300",
    "stock": 65
  },
  {
    "id": 525,
    "name": "Beauty & Personal Care Product 525",
    "category": "Beauty & Personal Care",
    "price": 21.4,
    "sku": "SKU-525-7922",
    "description": "High-quality Beauty & Personal Care Product 525 designed for performance and durability.",
    "image": "https://picsum.photos/200/300",
    "stock": 148
  },
  {
    "id": 528,
    "name": "Beauty & Personal Care Product 528",
    "category": "Beauty & Personal Care",
    "price": 138,
    "sku": "SKU-528-1923",
    "description": "High-quality Beauty & Personal Care Product 528 designed for performance and durability.",
    "image": "https://picsum.photos/200/300",
    "stock": 40
  },
  {
    "id": 539,
    "name": "Beauty & Personal Care Product 539",
    "category": "Beauty & Personal Care",
    "price": 9.51,
    "sku": "SKU-539-5203",
    "description": "High-quality Beauty & Personal Care Product 539 designed for performance and durability.",
    "image": "https://picsum.photos/200/300",
    "stock": 84
  },
  {
    "id": 558,
    "name": "Beauty & Personal Care Product 558",
    "category": "Beauty & Personal Care",
    "price": 178.54,
    "sku": "SKU-558-9558",
    "description": "High-quality Beauty & Personal Care Product 558 designed for performance and durability.",
    "image": "https://picsum.photos/200/300",
    "stock": 33
  },
  {
    "id": 559,
    "name": "Beauty & Personal Care Product 559",
    "category": "Beauty & Personal Care",
    "price": 124.38,
    "sku": "SKU-559-1211",
    "description": "High-quality Beauty & Personal Care Product 559 designed for performance and durability.",
    "image": "https://picsum.photos/200/300",
    "stock": 94
  },
  {
    "id": 561,
    "name": "Beauty & Personal Care Product 561",
    "category": "Beauty & Personal Care",
    "price": 35,
    "sku": "SKU-561-6502",
    "description": "High-quality Beauty & Personal Care Product 561 designed for performance and durability.",
    "image": "https://picsum.photos/200/300",
    "stock": 40
  },
  {
    "id": 575,
    "name": "Beauty & Personal Care Product 575",
    "category": "Beauty & Personal Care",
    "price": 174.72,
    "sku": "SKU-575-1185",
    "description": "High-quality Beauty & Personal Care Product 575 designed for performance and durability.",
    "image": "https://picsum.photos/200/300",
    "stock": 13
  },
  {
    "id": 583,
    "name": "Beauty & Personal Care Product 583",
    "category": "Beauty & Personal Care",
    "price": 92.88,
    "sku": "SKU-583-7133",
    "description": "High-quality Beauty & Personal Care Product 583 designed for performance and durability.",
    "image": "https://picsum.photos/200/300",
    "stock": 12
  },
  {
    "id": 584,
    "name": "Beauty & Personal Care Product 584",
    "category": "Beauty & Personal Care",
    "price": 200.43,
    "sku": "SKU-584-8967",
    "description": "High-quality Beauty & Personal Care Product 584 designed for performance and durability.",
    "image": "https://picsum.photos/200/300",
    "stock": 67
  },
  {
    "id": 586,
    "name": "Beauty & Personal Care Product 586",
    "category": "Beauty & Personal Care",
    "price": 93,
    "sku": "SKU-586-8922",
    "description": "High-quality Beauty & Personal Care Product 586 designed for performance and durability.",
    "image": "https://picsum.photos/200/300",
    "stock": 67
  },
  {
    "id": 597,
    "name": "Beauty & Personal Care Product 597",
    "category": "Beauty & Personal Care",
    "price": 185.02,
    "sku": "SKU-597-2930",
    "description": "High-quality Beauty & Personal Care Product 597 designed for performance and durability.",
    "image": "https://picsum.photos/200/300",
    "stock": 32
  },
  {
    "id": 617,
    "name": "Beauty & Personal Care Product 617",
    "category": "Beauty & Personal Care",
    "price": 106.95,
    "sku": "SKU-617-7553",
    "description": "High-quality Beauty & Personal Care Product 617 designed for performance and durability.",
    "image": "https://picsum.photos/200/300",
    "stock": 12
  },
  {
    "id": 620,
    "name": "Beauty & Personal Care Product 620",
    "category": "Beauty & Personal Care",
    "price": 138.39,
    "sku": "SKU-620-6320",
    "description": "High-quality Beauty & Personal Care Product 620 designed for performance and durability.",
    "image": "https://picsum.photos/200/300",
    "stock": 68
  },
  {
    "id": 673,
    "name": "Beauty & Personal Care Product 673",
    "category": "Beauty & Personal Care",
    "price": 21.86,
    "sku": "SKU-673-2798",
    "description": "High-quality Beauty & Personal Care Product 673 designed for performance and durability.",
    "image": "https://picsum.photos/200/300",
    "stock": 147
  },
  {
    "id": 675,
    "name": "Beauty & Personal Care Product 675",
    "category": "Beauty & Personal Care",
    "price": 44.07,
    "sku": "SKU-675-9894",
    "description": "High-quality Beauty & Personal Care Product 675 designed for performance and durability.",
    "image": "https://picsum.photos/200/300",
    "stock": 127
  },
  {
    "id": 679,
    "name": "Beauty & Personal Care Product 679",
    "category": "Beauty & Personal Care",
    "price": 120.66,
    "sku": "SKU-679-4508",
    "description": "High-quality Beauty & Personal Care Product 679 designed for performance and durability.",
    "image": "https://picsum.photos/200/300",
    "stock": 10
  },
  {
    "id": 689,
    "name": "Beauty & Personal Care Product 689",
    "category": "Beauty & Personal Care",
    "price": 155.69,
    "sku": "SKU-689-3378",
    "description": "High-quality Beauty & Personal Care Product 689 designed for performance and durability.",
    "image": "https://picsum.photos/200/300",
    "stock": 4
  },
  {
    "id": 690,
    "name": "Beauty & Personal Care Product 690",
    "category": "Beauty & Personal Care",
    "price": 57.91,
    "sku": "SKU-690-6333",
    "description": "High-quality Beauty & Personal Care Product 690 designed for performance and durability.",
    "image": "https://picsum.photos/200/300",
    "stock": 46
  },
  {
    "id": 693,
    "name": "Beauty & Personal Care Product 693",
    "category": "Beauty & Personal Care",
    "price": 94.48,
    "sku": "SKU-693-2497",
    "description": "High-quality Beauty & Personal Care Product 693 designed for performance and durability.",
    "image": "https://picsum.photos/200/300",
    "stock": 94
  },
  {
    "id": 711,
    "name": "Beauty & Personal Care Product 711",
    "category": "Beauty & Personal Care",
    "price": 149.96,
    "sku": "SKU-711-6534",
    "description": "High-quality Beauty & Personal Care Product 711 designed for performance and durability.",
    "image": "https://picsum.photos/200/300",
    "stock": 11
  },
  {
    "id": 726,
    "name": "Beauty & Personal Care Product 726",
    "category": "Beauty & Personal Care",
    "price": 187.19,
    "sku": "SKU-726-7608",
    "description": "High-quality Beauty & Personal Care Product 726 designed for performance and durability.",
    "image": "https://picsum.photos/200/300",
    "stock": 75
  },
  {
    "id": 736,
    "name": "Beauty & Personal Care Product 736",
    "category": "Beauty & Personal Care",
    "price": 143.69,
    "sku": "SKU-736-5109",
    "description": "High-quality Beauty & Personal Care Product 736 designed for performance and durability.",
    "image": "https://picsum.photos/200/300",
    "stock": 53
  },
  {
    "id": 738,
    "name": "Beauty & Personal Care Product 738",
    "category": "Beauty & Personal Care",
    "price": 89.52,
    "sku": "SKU-738-5555",
    "description": "High-quality Beauty & Personal Care Product 738 designed for performance and durability.",
    "image": "https://picsum.photos/200/300",
    "stock": 86
  },
  {
    "id": 740,
    "name": "Beauty & Personal Care Product 740",
    "category": "Beauty & Personal Care",
    "price": 151.02,
    "sku": "SKU-740-2142",
    "description": "High-quality Beauty & Personal Care Product 740 designed for performance and durability.",
    "image": "https://picsum.photos/200/300",
    "stock": 70
  },
  {
    "id": 744,
    "name": "Beauty & Personal Care Product 744",
    "category": "Beauty & Personal Care",
    "price": 122.26,
    "sku": "SKU-744-3550",
    "description": "High-quality Beauty & Personal Care Product 744 designed for performance and durability.",
    "image": "https://picsum.photos/200/300",
    "stock": 34
  },
  {
    "id": 745,
    "name": "Beauty & Personal Care Product 745",
    "category": "Beauty & Personal Care",
    "price": 33.89,
    "sku": "SKU-745-6097",
    "description": "High-quality Beauty & Personal Care Product 745 designed for performance and durability.",
    "image": "https://picsum.photos/200/300",
    "stock": 106
  },
  {
    "id": 757,
    "name": "Beauty & Personal Care Product 757",
    "category": "Beauty & Personal Care",
    "price": 169.01,
    "sku": "SKU-757-7815",
    "description": "High-quality Beauty & Personal Care Product 757 designed for performance and durability.",
    "image": "https://picsum.photos/200/300",
    "stock": 147
  },
  {
    "id": 777,
    "name": "Beauty & Personal Care Product 777",
    "category": "Beauty & Personal Care",
    "price": 128.13,
    "sku": "SKU-777-6052",
    "description": "High-quality Beauty & Personal Care Product 777 designed for performance and durability.",
    "image": "https://picsum.photos/200/300",
    "stock": 122
  },
  {
    "id": 782,
    "name": "Beauty & Personal Care Product 782",
    "category": "Beauty & Personal Care",
    "price": 119.63,
    "sku": "SKU-782-4850",
    "description": "High-quality Beauty & Personal Care Product 782 designed for performance and durability.",
    "image": "https://picsum.photos/200/300",
    "stock": 59
  },
  {
    "id": 786,
    "name": "Beauty & Personal Care Product 786",
    "category": "Beauty & Personal Care",
    "price": 99.99,
    "sku": "SKU-786-8308",
    "description": "High-quality Beauty & Personal Care Product 786 designed for performance and durability.",
    "image": "https://picsum.photos/200/300",
    "stock": 30
  },
  {
    "id": 788,
    "name": "Beauty & Personal Care Product 788",
    "category": "Beauty & Personal Care",
    "price": 183.28,
    "sku": "SKU-788-1880",
    "description": "High-quality Beauty & Personal Care Product 788 designed for performance and durability.",
    "image": "https://picsum.photos/200/300",
    "stock": 142
  },
  {
    "id": 800,
    "name": "Beauty & Personal Care Product 800",
    "category": "Beauty & Personal Care",
    "price": 150.54,
    "sku": "SKU-800-7348",
    "description": "High-quality Beauty & Personal Care Product 800 designed for performance and durability.",
    "image": "https://picsum.photos/200/300",
    "stock": 44
  },
  {
    "id": 817,
    "name": "Beauty & Personal Care Product 817",
    "category": "Beauty & Personal Care",
    "price": 53.11,
    "sku": "SKU-817-6196",
    "description": "High-quality Beauty & Personal Care Product 817 designed for performance and durability.",
    "image": "https://picsum.photos/200/300",
    "stock": 32
  },
  {
    "id": 825,
    "name": "Beauty & Personal Care Product 825",
    "category": "Beauty & Personal Care",
    "price": 113.97,
    "sku": "SKU-825-5954",
    "description": "High-quality Beauty & Personal Care Product 825 designed for performance and durability.",
    "image": "https://picsum.photos/200/300",
    "stock": 44
  },
  {
    "id": 839,
    "name": "Beauty & Personal Care Product 839",
    "category": "Beauty & Personal Care",
    "price": 60.41,
    "sku": "SKU-839-6286",
    "description": "High-quality Beauty & Personal Care Product 839 designed for performance and durability.",
    "image": "https://picsum.photos/200/300",
    "stock": 125
  },
  {
    "id": 847,
    "name": "Beauty & Personal Care Product 847",
    "category": "Beauty & Personal Care",
    "price": 82.03,
    "sku": "SKU-847-8971",
    "description": "High-quality Beauty & Personal Care Product 847 designed for performance and durability.",
    "image": "https://picsum.photos/200/300",
    "stock": 4
  },
  {
    "id": 850,
    "name": "Beauty & Personal Care Product 850",
    "category": "Beauty & Personal Care",
    "price": 71.97,
    "sku": "SKU-850-6403",
    "description": "High-quality Beauty & Personal Care Product 850 designed for performance and durability.",
    "image": "https://picsum.photos/200/300",
    "stock": 9
  },
  {
    "id": 864,
    "name": "Beauty & Personal Care Product 864",
    "category": "Beauty & Personal Care",
    "price": 158.76,
    "sku": "SKU-864-1521",
    "description": "High-quality Beauty & Personal Care Product 864 designed for performance and durability.",
    "image": "https://picsum.photos/200/300",
    "stock": 15
  },
  {
    "id": 866,
    "name": "Beauty & Personal Care Product 866",
    "category": "Beauty & Personal Care",
    "price": 133.43,
    "sku": "SKU-866-1861",
    "description": "High-quality Beauty & Personal Care Product 866 designed for performance and durability.",
    "image": "https://picsum.photos/200/300",
    "stock": 0
  },
  {
    "id": 873,
    "name": "Beauty & Personal Care Product 873",
    "category": "Beauty & Personal Care",
    "price": 200.04,
    "sku": "SKU-873-2775",
    "description": "High-quality Beauty & Personal Care Product 873 designed for performance and durability.",
    "image": "https://picsum.photos/200/300",
    "stock": 148
  },
  {
    "id": 909,
    "name": "Beauty & Personal Care Product 909",
    "category": "Beauty & Personal Care",
    "price": 99.67,
    "sku": "SKU-909-8409",
    "description": "High-quality Beauty & Personal Care Product 909 designed for performance and durability.",
    "image": "https://picsum.photos/200/300",
    "stock": 114
  },
  {
    "id": 916,
    "name": "Beauty & Personal Care Product 916",
    "category": "Beauty & Personal Care",
    "price": 34.17,
    "sku": "SKU-916-2185",
    "description": "High-quality Beauty & Personal Care Product 916 designed for performance and durability.",
    "image": "https://picsum.photos/200/300",
    "stock": 59
  },
  {
    "id": 918,
    "name": "Beauty & Personal Care Product 918",
    "category": "Beauty & Personal Care",
    "price": 14.82,
    "sku": "SKU-918-3019",
    "description": "High-quality Beauty & Personal Care Product 918 designed for performance and durability.",
    "image": "https://picsum.photos/200/300",
    "stock": 70
  },
  {
    "id": 931,
    "name": "Beauty & Personal Care Product 931",
    "category": "Beauty & Personal Care",
    "price": 113.39,
    "sku": "SKU-931-1401",
    "description": "High-quality Beauty & Personal Care Product 931 designed for performance and durability.",
    "image": "https://picsum.photos/200/300",
    "stock": 74
  },
  {
    "id": 947,
    "name": "Beauty & Personal Care Product 947",
    "category": "Beauty & Personal Care",
    "price": 104.91,
    "sku": "SKU-947-3326",
    "description": "High-quality Beauty & Personal Care Product 947 designed for performance and durability.",
    "image": "https://picsum.photos/200/300",
    "stock": 33
  },
  {
    "id": 954,
    "name": "Beauty & Personal Care Product 954",
    "category": "Beauty & Personal Care",
    "price": 188.7,
    "sku": "SKU-954-5770",
    "description": "High-quality Beauty & Personal Care Product 954 designed for performance and durability.",
    "image": "https://picsum.photos/200/300",
    "stock": 93
  },
  {
    "id": 971,
    "name": "Beauty & Personal Care Product 971",
    "category": "Beauty & Personal Care",
    "price": 70.52,
    "sku": "SKU-971-1353",
    "description": "High-quality Beauty & Personal Care Product 971 designed for performance and durability.",
    "image": "https://picsum.photos/200/300",
    "stock": 136
  },
  {
    "id": 987,
    "name": "Beauty & Personal Care Product 987",
    "category": "Beauty & Personal Care",
    "price": 113.44,
    "sku": "SKU-987-4348",
    "description": "High-quality Beauty & Personal Care Product 987 designed for performance and durability.",
    "image": "https://picsum.photos/200/300",
    "stock": 40
  },
  {
    "id": 1002,
    "name": "Beauty & Personal Care Product 1002",
    "category": "Beauty & Personal Care",
    "price": 52.37,
    "sku": "SKU-1002-1826",
    "description": "High-quality Beauty & Personal Care Product 1002 designed for performance and durability.",
    "image": "https://picsum.photos/200/300",
    "stock": 126
  },
  {
    "id": 1007,
    "name": "Beauty & Personal Care Product 1007",
    "category": "Beauty & Personal Care",
    "price": 7.71,
    "sku": "SKU-1007-7251",
    "description": "High-quality Beauty & Personal Care Product 1007 designed for performance and durability.",
    "image": "https://picsum.photos/200/300",
    "stock": 111
  },
  {
    "id": 1013,
    "name": "Beauty & Personal Care Product 1013",
    "category": "Beauty & Personal Care",
    "price": 33.86,
    "sku": "SKU-1013-1294",
    "description": "High-quality Beauty & Personal Care Product 1013 designed for performance and durability.",
    "image": "https://picsum.photos/200/300",
    "stock": 6
  },
  {
    "id": 1014,
    "name": "Beauty & Personal Care Product 1014",
    "category": "Beauty & Personal Care",
    "price": 178.33,
    "sku": "SKU-1014-9929",
    "description": "High-quality Beauty & Personal Care Product 1014 designed for performance and durability.",
    "image": "https://picsum.photos/200/300",
    "stock": 19
  },
  {
    "id": 1024,
    "name": "Beauty & Personal Care Product 1024",
    "category": "Beauty & Personal Care",
    "price": 129.17,
    "sku": "SKU-1024-3386",
    "description": "High-quality Beauty & Personal Care Product 1024 designed for performance and durability.",
    "image": "https://picsum.photos/200/300",
    "stock": 9
  },
  {
    "id": 1040,
    "name": "Beauty & Personal Care Product 1040",
    "category": "Beauty & Personal Care",
    "price": 126.46,
    "sku": "SKU-1040-6902",
    "description": "High-quality Beauty & Personal Care Product 1040 designed for performance and durability.",
    "image": "https://picsum.photos/200/300",
    "stock": 36
  },
  {
    "id": 1044,
    "name": "Beauty & Personal Care Product 1044",
    "category": "Beauty & Personal Care",
    "price": 172.47,
    "sku": "SKU-1044-6048",
    "description": "High-quality Beauty & Personal Care Product 1044 designed for performance and durability.",
    "image": "https://picsum.photos/200/300",
    "stock": 33
  },
  {
    "id": 1049,
    "name": "Beauty & Personal Care Product 1049",
    "category": "Beauty & Personal Care",
    "price": 126.23,
    "sku": "SKU-1049-5355",
    "description": "High-quality Beauty & Personal Care Product 1049 designed for performance and durability.",
    "image": "https://picsum.photos/200/300",
    "stock": 135
  },
  {
    "id": 1078,
    "name": "Beauty & Personal Care Product 1078",
    "category": "Beauty & Personal Care",
    "price": 36.1,
    "sku": "SKU-1078-7557",
    "description": "High-quality Beauty & Personal Care Product 1078 designed for performance and durability.",
    "image": "https://picsum.photos/200/300",
    "stock": 76
  },
  {
    "id": 1083,
    "name": "Beauty & Personal Care Product 1083",
    "category": "Beauty & Personal Care",
    "price": 46.41,
    "sku": "SKU-1083-2181",
    "description": "High-quality Beauty & Personal Care Product 1083 designed for performance and durability.",
    "image": "https://picsum.photos/200/300",
    "stock": 3
  },
  {
    "id": 1093,
    "name": "Beauty & Personal Care Product 1093",
    "category": "Beauty & Personal Care",
    "price": 40.94,
    "sku": "SKU-1093-3102",
    "description": "High-quality Beauty & Personal Care Product 1093 designed for performance and durability.",
    "image": "https://picsum.photos/200/300",
    "stock": 126
  },
  {
    "id": 1100,
    "name": "Beauty & Personal Care Product 1100",
    "category": "Beauty & Personal Care",
    "price": 78.73,
    "sku": "SKU-1100-9463",
    "description": "High-quality Beauty & Personal Care Product 1100 designed for performance and durability.",
    "image": "https://picsum.photos/200/300",
    "stock": 18
  },
  {
    "id": 1108,
    "name": "Beauty & Personal Care Product 1108",
    "category": "Beauty & Personal Care",
    "price": 71.35,
    "sku": "SKU-1108-7092",
    "description": "High-quality Beauty & Personal Care Product 1108 designed for performance and durability.",
    "image": "https://picsum.photos/200/300",
    "stock": 70
  },
  {
    "id": 1117,
    "name": "Beauty & Personal Care Product 1117",
    "category": "Beauty & Personal Care",
    "price": 43.33,
    "sku": "SKU-1117-6159",
    "description": "High-quality Beauty & Personal Care Product 1117 designed for performance and durability.",
    "image": "https://picsum.photos/200/300",
    "stock": 79
  },
  {
    "id": 1130,
    "name": "Beauty & Personal Care Product 1130",
    "category": "Beauty & Personal Care",
    "price": 39.35,
    "sku": "SKU-1130-9459",
    "description": "High-quality Beauty & Personal Care Product 1130 designed for performance and durability.",
    "image": "https://picsum.photos/200/300",
    "stock": 4
  },
  {
    "id": 1131,
    "name": "Beauty & Personal Care Product 1131",
    "category": "Beauty & Personal Care",
    "price": 117.79,
    "sku": "SKU-1131-8592",
    "description": "High-quality Beauty & Personal Care Product 1131 designed for performance and durability.",
    "image": "https://picsum.photos/200/300",
    "stock": 18
  },
  {
    "id": 1155,
    "name": "Beauty & Personal Care Product 1155",
    "category": "Beauty & Personal Care",
    "price": 65.46,
    "sku": "SKU-1155-7353",
    "description": "High-quality Beauty & Personal Care Product 1155 designed for performance and durability.",
    "image": "https://picsum.photos/200/300",
    "stock": 22
  },
  {
    "id": 1156,
    "name": "Beauty & Personal Care Product 1156",
    "category": "Beauty & Personal Care",
    "price": 164.35,
    "sku": "SKU-1156-5156",
    "description": "High-quality Beauty & Personal Care Product 1156 designed for performance and durability.",
    "image": "https://picsum.photos/200/300",
    "stock": 80
  },
  {
    "id": 1159,
    "name": "Beauty & Personal Care Product 1159",
    "category": "Beauty & Personal Care",
    "price": 182.66,
    "sku": "SKU-1159-5882",
    "description": "High-quality Beauty & Personal Care Product 1159 designed for performance and durability.",
    "image": "https://picsum.photos/200/300",
    "stock": 113
  },
  {
    "id": 1163,
    "name": "Beauty & Personal Care Product 1163",
    "category": "Beauty & Personal Care",
    "price": 88.27,
    "sku": "SKU-1163-2124",
    "description": "High-quality Beauty & Personal Care Product 1163 designed for performance and durability.",
    "image": "https://picsum.photos/200/300",
    "stock": 136
  },
  {
    "id": 1177,
    "name": "Beauty & Personal Care Product 1177",
    "category": "Beauty & Personal Care",
    "price": 101.65,
    "sku": "SKU-1177-8045",
    "description": "High-quality Beauty & Personal Care Product 1177 designed for performance and durability.",
    "image": "https://picsum.photos/200/300",
    "stock": 31
  },
  {
    "id": 1178,
    "name": "Beauty & Personal Care Product 1178",
    "category": "Beauty & Personal Care",
    "price": 19.05,
    "sku": "SKU-1178-6909",
    "description": "High-quality Beauty & Personal Care Product 1178 designed for performance and durability.",
    "image": "https://picsum.photos/200/300",
    "stock": 76
  },
  {
    "id": 1214,
    "name": "Beauty & Personal Care Product 1214",
    "category": "Beauty & Personal Care",
    "price": 161.25,
    "sku": "SKU-1214-2763",
    "description": "High-quality Beauty & Personal Care Product 1214 designed for performance and durability.",
    "image": "https://picsum.photos/200/300",
    "stock": 125
  },
  {
    "id": 1223,
    "name": "Beauty & Personal Care Product 1223",
    "category": "Beauty & Personal Care",
    "price": 170.73,
    "sku": "SKU-1223-3976",
    "description": "High-quality Beauty & Personal Care Product 1223 designed for performance and durability.",
    "image": "https://picsum.photos/200/300",
    "stock": 51
  },
  {
    "id": 1231,
    "name": "Beauty & Personal Care Product 1231",
    "category": "Beauty & Personal Care",
    "price": 21.71,
    "sku": "SKU-1231-6028",
    "description": "High-quality Beauty & Personal Care Product 1231 designed for performance and durability.",
    "image": "https://picsum.photos/200/300",
    "stock": 61
  },
  {
    "id": 1233,
    "name": "Beauty & Personal Care Product 1233",
    "category": "Beauty & Personal Care",
    "price": 46.21,
    "sku": "SKU-1233-6204",
    "description": "High-quality Beauty & Personal Care Product 1233 designed for performance and durability.",
    "image": "https://picsum.photos/200/300",
    "stock": 5
  },
  {
    "id": 1236,
    "name": "Beauty & Personal Care Product 1236",
    "category": "Beauty & Personal Care",
    "price": 176.75,
    "sku": "SKU-1236-1634",
    "description": "High-quality Beauty & Personal Care Product 1236 designed for performance and durability.",
    "image": "https://picsum.photos/200/300",
    "stock": 41
  },
  {
    "id": 1276,
    "name": "Beauty & Personal Care Product 1276",
    "category": "Beauty & Personal Care",
    "price": 115.83,
    "sku": "SKU-1276-6646",
    "description": "High-quality Beauty & Personal Care Product 1276 designed for performance and durability.",
    "image": "https://picsum.photos/200/300",
    "stock": 145
  },
  {
    "id": 1283,
    "name": "Beauty & Personal Care Product 1283",
    "category": "Beauty & Personal Care",
    "price": 81.32,
    "sku": "SKU-1283-8036",
    "description": "High-quality Beauty & Personal Care Product 1283 designed for performance and durability.",
    "image": "https://picsum.photos/200/300",
    "stock": 68
  },
  {
    "id": 1292,
    "name": "Beauty & Personal Care Product 1292",
    "category": "Beauty & Personal Care",
    "price": 103.16,
    "sku": "SKU-1292-9073",
    "description": "High-quality Beauty & Personal Care Product 1292 designed for performance and durability.",
    "image": "https://picsum.photos/200/300",
    "stock": 21
  },
  {
    "id": 1296,
    "name": "Beauty & Personal Care Product 1296",
    "category": "Beauty & Personal Care",
    "price": 102.33,
    "sku": "SKU-1296-5703",
    "description": "High-quality Beauty & Personal Care Product 1296 designed for performance and durability.",
    "image": "https://picsum.photos/200/300",
    "stock": 27
  },
  {
    "id": 1299,
    "name": "Beauty & Personal Care Product 1299",
    "category": "Beauty & Personal Care",
    "price": 102.4,
    "sku": "SKU-1299-6956",
    "description": "High-quality Beauty & Personal Care Product 1299 designed for performance and durability.",
    "image": "https://picsum.photos/200/300",
    "stock": 12
  },
  {
    "id": 1306,
    "name": "Beauty & Personal Care Product 1306",
    "category": "Beauty & Personal Care",
    "price": 84.55,
    "sku": "SKU-1306-9730",
    "description": "High-quality Beauty & Personal Care Product 1306 designed for performance and durability.",
    "image": "https://picsum.photos/200/300",
    "stock": 93
  },
  {
    "id": 1308,
    "name": "Beauty & Personal Care Product 1308",
    "category": "Beauty & Personal Care",
    "price": 112.8,
    "sku": "SKU-1308-6708",
    "description": "High-quality Beauty & Personal Care Product 1308 designed for performance and durability.",
    "image": "https://picsum.photos/200/300",
    "stock": 103
  },
  {
    "id": 1310,
    "name": "Beauty & Personal Care Product 1310",
    "category": "Beauty & Personal Care",
    "price": 191.12,
    "sku": "SKU-1310-9424",
    "description": "High-quality Beauty & Personal Care Product 1310 designed for performance and durability.",
    "image": "https://picsum.photos/200/300",
    "stock": 31
  },
  {
    "id": 1325,
    "name": "Beauty & Personal Care Product 1325",
    "category": "Beauty & Personal Care",
    "price": 79.53,
    "sku": "SKU-1325-2545",
    "description": "High-quality Beauty & Personal Care Product 1325 designed for performance and durability.",
    "image": "https://picsum.photos/200/300",
    "stock": 78
  },
  {
    "id": 1334,
    "name": "Beauty & Personal Care Product 1334",
    "category": "Beauty & Personal Care",
    "price": 146.13,
    "sku": "SKU-1334-9430",
    "description": "High-quality Beauty & Personal Care Product 1334 designed for performance and durability.",
    "image": "https://picsum.photos/200/300",
    "stock": 106
  },
  {
    "id": 1343,
    "name": "Beauty & Personal Care Product 1343",
    "category": "Beauty & Personal Care",
    "price": 18.81,
    "sku": "SKU-1343-5691",
    "description": "High-quality Beauty & Personal Care Product 1343 designed for performance and durability.",
    "image": "https://picsum.photos/200/300",
    "stock": 119
  },
  {
    "id": 1351,
    "name": "Beauty & Personal Care Product 1351",
    "category": "Beauty & Personal Care",
    "price": 204.72,
    "sku": "SKU-1351-6726",
    "description": "High-quality Beauty & Personal Care Product 1351 designed for performance and durability.",
    "image": "https://picsum.photos/200/300",
    "stock": 49
  },
  {
    "id": 1375,
    "name": "Beauty & Personal Care Product 1375",
    "category": "Beauty & Personal Care",
    "price": 8.39,
    "sku": "SKU-1375-4279",
    "description": "High-quality Beauty & Personal Care Product 1375 designed for performance and durability.",
    "image": "https://picsum.photos/200/300",
    "stock": 86
  },
  {
    "id": 1382,
    "name": "Beauty & Personal Care Product 1382",
    "category": "Beauty & Personal Care",
    "price": 19,
    "sku": "SKU-1382-1618",
    "description": "High-quality Beauty & Personal Care Product 1382 designed for performance and durability.",
    "image": "https://picsum.photos/200/300",
    "stock": 64
  },
  {
    "id": 1384,
    "name": "Beauty & Personal Care Product 1384",
    "category": "Beauty & Personal Care",
    "price": 89.41,
    "sku": "SKU-1384-5587",
    "description": "High-quality Beauty & Personal Care Product 1384 designed for performance and durability.",
    "image": "https://picsum.photos/200/300",
    "stock": 40
  },
  {
    "id": 1395,
    "name": "Beauty & Personal Care Product 1395",
    "category": "Beauty & Personal Care",
    "price": 25.56,
    "sku": "SKU-1395-3457",
    "description": "High-quality Beauty & Personal Care Product 1395 designed for performance and durability.",
    "image": "https://picsum.photos/200/300",
    "stock": 45
  },
  {
    "id": 1412,
    "name": "Beauty & Personal Care Product 1412",
    "category": "Beauty & Personal Care",
    "price": 153.3,
    "sku": "SKU-1412-8511",
    "description": "High-quality Beauty & Personal Care Product 1412 designed for performance and durability.",
    "image": "https://picsum.photos/200/300",
    "stock": 140
  },
  {
    "id": 1413,
    "name": "Beauty & Personal Care Product 1413",
    "category": "Beauty & Personal Care",
    "price": 163.65,
    "sku": "SKU-1413-2827",
    "description": "High-quality Beauty & Personal Care Product 1413 designed for performance and durability.",
    "image": "https://picsum.photos/200/300",
    "stock": 21
  },
  {
    "id": 1423,
    "name": "Beauty & Personal Care Product 1423",
    "category": "Beauty & Personal Care",
    "price": 194.18,
    "sku": "SKU-1423-6390",
    "description": "High-quality Beauty & Personal Care Product 1423 designed for performance and durability.",
    "image": "https://picsum.photos/200/300",
    "stock": 33
  },
  {
    "id": 1434,
    "name": "Beauty & Personal Care Product 1434",
    "category": "Beauty & Personal Care",
    "price": 129.72,
    "sku": "SKU-1434-2500",
    "description": "High-quality Beauty & Personal Care Product 1434 designed for performance and durability.",
    "image": "https://picsum.photos/200/300",
    "stock": 52
  },
  {
    "id": 1438,
    "name": "Beauty & Personal Care Product 1438",
    "category": "Beauty & Personal Care",
    "price": 202.2,
    "sku": "SKU-1438-1418",
    "description": "High-quality Beauty & Personal Care Product 1438 designed for performance and durability.",
    "image": "https://picsum.photos/200/300",
    "stock": 70
  },
  {
    "id": 1444,
    "name": "Beauty & Personal Care Product 1444",
    "category": "Beauty & Personal Care",
    "price": 190.07,
    "sku": "SKU-1444-7259",
    "description": "High-quality Beauty & Personal Care Product 1444 designed for performance and durability.",
    "image": "https://picsum.photos/200/300",
    "stock": 149
  },
  {
    "id": 1452,
    "name": "Beauty & Personal Care Product 1452",
    "category": "Beauty & Personal Care",
    "price": 119.97,
    "sku": "SKU-1452-5769",
    "description": "High-quality Beauty & Personal Care Product 1452 designed for performance and durability.",
    "image": "https://picsum.photos/200/300",
    "stock": 39
  },
  {
    "id": 1455,
    "name": "Beauty & Personal Care Product 1455",
    "category": "Beauty & Personal Care",
    "price": 158.78,
    "sku": "SKU-1455-4401",
    "description": "High-quality Beauty & Personal Care Product 1455 designed for performance and durability.",
    "image": "https://picsum.photos/200/300",
    "stock": 34
  },
  {
    "id": 1468,
    "name": "Beauty & Personal Care Product 1468",
    "category": "Beauty & Personal Care",
    "price": 132.81,
    "sku": "SKU-1468-9006",
    "description": "High-quality Beauty & Personal Care Product 1468 designed for performance and durability.",
    "image": "https://picsum.photos/200/300",
    "stock": 74
  },
  {
    "id": 1485,
    "name": "Beauty & Personal Care Product 1485",
    "category": "Beauty & Personal Care",
    "price": 125.13,
    "sku": "SKU-1485-4461",
    "description": "High-quality Beauty & Personal Care Product 1485 designed for performance and durability.",
    "image": "https://picsum.photos/200/300",
    "stock": 101
  },
  {
    "id": 1489,
    "name": "Beauty & Personal Care Product 1489",
    "category": "Beauty & Personal Care",
    "price": 144.7,
    "sku": "SKU-1489-3490",
    "description": "High-quality Beauty & Personal Care Product 1489 designed for performance and durability.",
    "image": "https://picsum.photos/200/300",
    "stock": 96
  }
]