<?xml version="1.0" encoding="UTF-8"?>
<categories>
  <category>
    <name>Electronics</name>
  </category>
  <category>
    <name>Home &amp; Kitchen</name>
  </category>
  <category>
    <name>Sports &amp; Outdoors</name>
  </category>
  <category>
    <name>Beauty &amp; Personal Care</name>
  </category>
  <category>
    <name>Toys &amp; Games</name>
  </category>
  <category>
    <name>Clothing</name>
  </category>
  <category>
    <name>Automotive</name>
  </category>
  <category>
    <name>Office Supplies</name>
  </category>
  <category>
    <name>Garden &amp; Outdoors</name>
  </category>
  <category>
    <name>Pet Supplies</name>
  </category>
</categories>