[
  {
    "id": 2,
    "name": "Office Supplies Product 2",
    "category": "Office Supplies",
    "price": 27.13,
    "sku": "SKU-2-9202",
    "description": "High-quality Office Supplies Product 2 designed for performance and durability.",
    "image": "https://picsum.photos/200/300",
    "stock": 119
  },
  {
    "id": 7,
    "name": "Office Supplies Product 7",
    "category": "Office Supplies",
    "price": 33.62,
    "sku": "SKU-7-7402",
    "description": "High-quality Office Supplies Product 7 designed for performance and durability.",
    "image": "https://picsum.photos/200/300",
    "stock": 123
  },
  {
    "id": 15,
    "name": "Office Supplies Product 15",
    "category": "Office Supplies",
    "price": 40.44,
    "sku": "SKU-15-5285",
    "description": "High-quality Office Supplies Product 15 designed for performance and durability.",
    "image": "https://picsum.photos/200/300",
    "stock": 128
  },
  {
    "id": 18,
    "name": "Office Supplies Product 18",
    "category": "Office Supplies",
    "price": 127.35,
    "sku": "SKU-18-7977",
    "description": "High-quality Office Supplies Product 18 designed for performance and durability.",
    "image": "https://picsum.photos/200/300",
    "stock": 133
  },
  {
    "id": 21,
    "name": "Office Supplies Product 21",
    "category": "Office Supplies",
    "price": 102.23,
    "sku": "SKU-21-7036",
    "description": "High-quality Office Supplies Product 21 designed for performance and durability.",
    "image": "https://picsum.photos/200/300",
    "stock": 113
  },
  {
    "id": 26,
    "name": "Office Supplies Product 26",
    "category": "Office Supplies",
    "price": 160.28,
    "sku": "SKU-26-4330",
    "description": "High-quality Office Supplies Product 26 designed for performance and durability.",
    "image": "https://picsum.photos/200/300",
    "stock": 92
  },
  {
    "id": 34,
    "name": "Office Supplies Product 34",
    "category": "Office Supplies",
    "price": 192.98,
    "sku": "SKU-34-2222",
    "description": "High-quality Office Supplies Product 34 designed for performance and durability.",
    "image": "https://picsum.photos/200/300",
    "stock": 114
  },
  {
    "id": 36,
    "name": "Office Supplies Product 36",
    "category": "Office Supplies",
    "price": 98.98,
    "sku": "SKU-36-1200",
    "description": "High-quality Office Supplies Product 36 designed for performance and durability.",
    "image": "https://picsum.photos/200/300",
    "stock": 109
  },
  {
    "id": 40,
    "name": "Office Supplies Product 40",
    "category": "Office Supplies",
    "price": 99.13,
    "sku": "SKU-40-5538",
    "description": "High-quality Office Supplies Product 40 designed for performance and durability.",
    "image": "https://picsum.photos/200/300",
    "stock": 15
  },
  {
    "id": 47,
    "name": "Office Supplies Product 47",
    "category": "Office Supplies",
    "price": 170.1,
    "sku": "SKU-47-6914",
    "description": "High-quality Office Supplies Product 47 designed for performance and durability.",
    "image": "https://picsum.photos/200/300",
    "stock": 134
  },
  {
    "id": 55,
    "name": "Office Supplies Product 55",
    "category": "Office Supplies",
    "price": 123.82,
    "sku": "SKU-55-8034",
    "description": "High-quality Office Supplies Product 55 designed for performance and durability.",
    "image": "https://picsum.photos/200/300",
    "stock": 95
  },
  {
    "id": 60,
    "name": "Office Supplies Product 60",
    "category": "Office Supplies",
    "price": 59.77,
    "sku": "SKU-60-9852",
    "description": "High-quality Office Supplies Product 60 designed for performance and durability.",
    "image": "https://picsum.photos/200/300",
    "stock": 123
  },
  {
    "id": 66,
    "name": "Office Supplies Product 66",
    "category": "Office Supplies",
    "price": 41.3,
    "sku": "SKU-66-1692",
    "description": "High-quality Office Supplies Product 66 designed for performance and durability.",
    "image": "https://picsum.photos/200/300",
    "stock": 72
  },
  {
    "id": 80,
    "name": "Office Supplies Product 80",
    "category": "Office Supplies",
    "price": 182.07,
    "sku": "SKU-80-3426",
    "description": "High-quality Office Supplies Product 80 designed for performance and durability.",
    "image": "https://picsum.photos/200/300",
    "stock": 95
  },
  {
    "id": 98,
    "name": "Office Supplies Product 98",
    "category": "Office Supplies",
    "price": 190.27,
    "sku": "SKU-98-4181",
    "description": "High-quality Office Supplies Product 98 designed for performance and durability.",
    "image": "https://picsum.photos/200/300",
    "stock": 83
  },
  {
    "id": 105,
    "name": "Office Supplies Product 105",
    "category": "Office Supplies",
    "price": 65.4,
    "sku": "SKU-105-6717",
    "description": "High-quality Office Supplies Product 105 designed for performance and durability.",
    "image": "https://picsum.photos/200/300",
    "stock": 112
  },
  {
    "id": 107,
    "name": "Office Supplies Product 107",
    "category": "Office Supplies",
    "price": 105.73,
    "sku": "SKU-107-4940",
    "description": "High-quality Office Supplies Product 107 designed for performance and durability.",
    "image": "https://picsum.photos/200/300",
    "stock": 26
  },
  {
    "id": 114,
    "name": "Office Supplies Product 114",
    "category": "Office Supplies",
    "price": 52.58,
    "sku": "SKU-114-1693",
    "description": "High-quality Office Supplies Product 114 designed for performance and durability.",
    "image": "https://picsum.photos/200/300",
    "stock": 6
  },
  {
    "id": 118,
    "name": "Office Supplies Product 118",
    "category": "Office Supplies",
    "price": 204.84,
    "sku": "SKU-118-4611",
    "description": "High-quality Office Supplies Product 118 designed for performance and durability.",
    "image": "https://picsum.photos/200/300",
    "stock": 20
  },
  {
    "id": 156,
    "name": "Office Supplies Product 156",
    "category": "Office Supplies",
    "price": 37.15,
    "sku": "SKU-156-6060",
    "description": "High-quality Office Supplies Product 156 designed for performance and durability.",
    "image": "https://picsum.photos/200/300",
    "stock": 19
  },
  {
    "id": 163,
    "name": "Office Supplies Product 163",
    "category": "Office Supplies",
    "price": 76.56,
    "sku": "SKU-163-2125",
    "description": "High-quality Office Supplies Product 163 designed for performance and durability.",
    "image": "https://picsum.photos/200/300",
    "stock": 6
  },
  {
    "id": 178,
    "name": "Office Supplies Product 178",
    "category": "Office Supplies",
    "price": 181.95,
    "sku": "SKU-178-7410",
    "description": "High-quality Office Supplies Product 178 designed for performance and durability.",
    "image": "https://picsum.photos/200/300",
    "stock": 134
  },
  {
    "id": 194,
    "name": "Office Supplies Product 194",
    "category": "Office Supplies",
    "price": 181.55,
    "sku": "SKU-194-9372",
    "description": "High-quality Office Supplies Product 194 designed for performance and durability.",
    "image": "https://picsum.photos/200/300",
    "stock": 69
  },
  {
    "id": 196,
    "name": "Office Supplies Product 196",
    "category": "Office Supplies",
    "price": 76.15,
    "sku": "SKU-196-4215",
    "description": "High-quality Office Supplies Product 196 designed for performance and durability.",
    "image": "https://picsum.photos/200/300",
    "stock": 24
  },
  {
    "id": 201,
    "name": "Office Supplies Product 201",
    "category": "Office Supplies",
    "price": 137.47,
    "sku": "SKU-201-4622",
    "description": "High-quality Office Supplies Product 201 designed for performance and durability.",
    "image": "https://picsum.photos/200/300",
    "stock": 65
  },
  {
    "id": 206,
    "name": "Office Supplies Product 206",
    "category": "Office Supplies",
    "price": 90.45,
    "sku": "SKU-206-4800",
    "description": "High-quality Office Supplies Product 206 designed for performance and durability.",
    "image": "https://picsum.photos/200/300",
    "stock": 144
  },
  {
    "id": 212,
    "name": "Office Supplies Product 212",
    "category": "Office Supplies",
    "price": 36,
    "sku": "SKU-212-8952",
    "description": "High-quality Office Supplies Product 212 designed for performance and durability.",
    "image": "https://picsum.photos/200/300",
    "stock": 36
  },
  {
    "id": 214,
    "name": "Office Supplies Product 214",
    "category": "Office Supplies",
    "price": 150,
    "sku": "SKU-214-9875",
    "description": "High-quality Office Supplies Product 214 designed for performance and durability.",
    "image": "https://picsum.photos/200/300",
    "stock": 39
  },
  {
    "id": 215,
    "name": "Office Supplies Product 215",
    "category": "Office Supplies",
    "price": 53.2,
    "sku": "SKU-215-2213",
    "description": "High-quality Office Supplies Product 215 designed for performance and durability.",
    "image": "https://picsum.photos/200/300",
    "stock": 74
  },
  {
    "id": 218,
    "name": "Office Supplies Product 218",
    "category": "Office Supplies",
    "price": 25.82,
    "sku": "SKU-218-6396",
    "description": "High-quality Office Supplies Product 218 designed for performance and durability.",
    "image": "https://picsum.photos/200/300",
    "stock": 137
  },
  {
    "id": 227,
    "name": "Office Supplies Product 227",
    "category": "Office Supplies",
    "price": 137.74,
    "sku": "SKU-227-2687",
    "description": "High-quality Office Supplies Product 227 designed for performance and durability.",
    "image": "https://picsum.photos/200/300",
    "stock": 90
  },
  {
    "id": 251,
    "name": "Office Supplies Product 251",
    "category": "Office Supplies",
    "price": 134.02,
    "sku": "SKU-251-6316",
    "description": "High-quality Office Supplies Product 251 designed for performance and durability.",
    "image": "https://picsum.photos/200/300",
    "stock": 64
  },
  {
    "id": 280,
    "name": "Office Supplies Product 280",
    "category": "Office Supplies",
    "price": 11.36,
    "sku": "SKU-280-5909",
    "description": "High-quality Office Supplies Product 280 designed for performance and durability.",
    "image": "https://picsum.photos/200/300",
    "stock": 31
  },
  {
    "id": 291,
    "name": "Office Supplies Product 291",
    "category": "Office Supplies",
    "price": 169.7,
    "sku": "SKU-291-4346",
    "description": "High-quality Office Supplies Product 291 designed for performance and durability.",
    "image": "https://picsum.photos/200/300",
    "stock": 87
  },
  {
    "id": 292,
    "name": "Office Supplies Product 292",
    "category": "Office Supplies",
    "price": 26.5,
    "sku": "SKU-292-1030",
    "description": "High-quality Office Supplies Product 292 designed for performance and durability.",
    "image": "https://picsum.photos/200/300",
    "stock": 53
  },
  {
    "id": 299,
    "name": "Office Supplies Product 299",
    "category": "Office Supplies",
    "price": 85.07,
    "sku": "SKU-299-9678",
    "description": "High-quality Office Supplies Product 299 designed for performance and durability.",
    "image": "https://picsum.photos/200/300",
    "stock": 139
  },
  {
    "id": 316,
    "name": "Office Supplies Product 316",
    "category": "Office Supplies",
    "price": 154.74,
    "sku": "SKU-316-2671",
    "description": "High-quality Office Supplies Product 316 designed for performance and durability.",
    "image": "https://picsum.photos/200/300",
    "stock": 15
  },
  {
    "id": 318,
    "name": "Office Supplies Product 318",
    "category": "Office Supplies",
    "price": 127.51,
    "sku": "SKU-318-8502",
    "description": "High-quality Office Supplies Product 318 designed for performance and durability.",
    "image": "https://picsum.photos/200/300",
    "stock": 54
  },
  {
    "id": 319,
    "name": "Office Supplies Product 319",
    "category": "Office Supplies",
    "price": 117.01,
    "sku": "SKU-319-1197",
    "description": "High-quality Office Supplies Product 319 designed for performance and durability.",
    "image": "https://picsum.photos/200/300",
    "stock": 34
  },
  {
    "id": 333,
    "name": "Office Supplies Product 333",
    "category": "Office Supplies",
    "price": 50.21,
    "sku": "SKU-333-8918",
    "description": "High-quality Office Supplies Product 333 designed for performance and durability.",
    "image": "https://picsum.photos/200/300",
    "stock": 148
  },
  {
    "id": 338,
    "name": "Office Supplies Product 338",
    "category": "Office Supplies",
    "price": 43.99,
    "sku": "SKU-338-1952",
    "description": "High-quality Office Supplies Product 338 designed for performance and durability.",
    "image": "https://picsum.photos/200/300",
    "stock": 150
  },
  {
    "id": 345,
    "name": "Office Supplies Product 345",
    "category": "Office Supplies",
    "price": 42.76,
    "sku": "SKU-345-7597",
    "description": "High-quality Office Supplies Product 345 designed for performance and durability.",
    "image": "https://picsum.photos/200/300",
    "stock": 16
  },
  {
    "id": 347,
    "name": "Office Supplies Product 347",
    "category": "Office Supplies",
    "price": 79.15,
    "sku": "SKU-347-7872",
    "description": "High-quality Office Supplies Product 347 designed for performance and durability.",
    "image": "https://picsum.photos/200/300",
    "stock": 89
  },
  {
    "id": 368,
    "name": "Office Supplies Product 368",
    "category": "Office Supplies",
    "price": 100.02,
    "sku": "SKU-368-9110",
    "description": "High-quality Office Supplies Product 368 designed for performance and durability.",
    "image": "https://picsum.photos/200/300",
    "stock": 122
  },
  {
    "id": 374,
    "name": "Office Supplies Product 374",
    "category": "Office Supplies",
    "price": 26.58,
    "sku": "SKU-374-9691",
    "description": "High-quality Office Supplies Product 374 designed for performance and durability.",
    "image": "https://picsum.photos/200/300",
    "stock": 105
  },
  {
    "id": 389,
    "name": "Office Supplies Product 389",
    "category": "Office Supplies",
    "price": 45.78,
    "sku": "SKU-389-8901",
    "description": "High-quality Office Supplies Product 389 designed for performance and durability.",
    "image": "https://picsum.photos/200/300",
    "stock": 49
  },
  {
    "id": 390,
    "name": "Office Supplies Product 390",
    "category": "Office Supplies",
    "price": 58.05,
    "sku": "SKU-390-1489",
    "description": "High-quality Office Supplies Product 390 designed for performance and durability.",
    "image": "https://picsum.photos/200/300",
    "stock": 119
  },
  {
    "id": 392,
    "name": "Office Supplies Product 392",
    "category": "Office Supplies",
    "price": 123.69,
    "sku": "SKU-392-2547",
    "description": "High-quality Office Supplies Product 392 designed for performance and durability.",
    "image": "https://picsum.photos/200/300",
    "stock": 89
  },
  {
    "id": 406,
    "name": "Office Supplies Product 406",
    "category": "Office Supplies",
    "price": 77.41,
    "sku": "SKU-406-4570",
    "description": "High-quality Office Supplies Product 406 designed for performance and durability.",
    "image": "https://picsum.photos/200/300",
    "stock": 114
  },
  {
    "id": 410,
    "name": "Office Supplies Product 410",
    "category": "Office Supplies",
    "price": 200.09,
    "sku": "SKU-410-3758",
    "description": "High-quality Office Supplies Product 410 designed for performance and durability.",
    "image": "https://picsum.photos/200/300",
    "stock": 139
  },
  {
    "id": 423,
    "name": "Office Supplies Product 423",
    "category": "Office Supplies",
    "price": 52.51,
    "sku": "SKU-423-4182",
    "description": "High-quality Office Supplies Product 423 designed for performance and durability.",
    "image": "https://picsum.photos/200/300",
    "stock": 105
  },
  {
    "id": 433,
    "name": "Office Supplies Product 433",
    "category": "Office Supplies",
    "price": 105.89,
    "sku": "SKU-433-7061",
    "description": "High-quality Office Supplies Product 433 designed for performance and durability.",
    "image": "https://picsum.photos/200/300",
    "stock": 2
  },
  {
    "id": 440,
    "name": "Office Supplies Product 440",
    "category": "Office Supplies",
    "price": 82.82,
    "sku": "SKU-440-3132",
    "description": "High-quality Office Supplies Product 440 designed for performance and durability.",
    "image": "https://picsum.photos/200/300",
    "stock": 54
  },
  {
    "id": 442,
    "name": "Office Supplies Product 442",
    "category": "Office Supplies",
    "price": 44.83,
    "sku": "SKU-442-5161",
    "description": "High-quality Office Supplies Product 442 designed for performance and durability.",
    "image": "https://picsum.photos/200/300",
    "stock": 124
  },
  {
    "id": 443,
    "name": "Office Supplies Product 443",
    "category": "Office Supplies",
    "price": 27.12,
    "sku": "SKU-443-4445",
    "description": "High-quality Office Supplies Product 443 designed for performance and durability.",
    "image": "https://picsum.photos/200/300",
    "stock": 9
  },
  {
    "id": 449,
    "name": "Office Supplies Product 449",
    "category": "Office Supplies",
    "price": 145.14,
    "sku": "SKU-449-8901",
    "description": "High-quality Office Supplies Product 449 designed for performance and durability.",
    "image": "https://picsum.photos/200/300",
    "stock": 119
  },
  {
    "id": 450,
    "name": "Office Supplies Product 450",
    "category": "Office Supplies",
    "price": 55.6,
    "sku": "SKU-450-9050",
    "description": "High-quality Office Supplies Product 450 designed for performance and durability.",
    "image": "https://picsum.photos/200/300",
    "stock": 105
  },
  {
    "id": 457,
    "name": "Office Supplies Product 457",
    "category": "Office Supplies",
    "price": 76.74,
    "sku": "SKU-457-6287",
    "description": "High-quality Office Supplies Product 457 designed for performance and durability.",
    "image": "https://picsum.photos/200/300",
    "stock": 145
  },
  {
    "id": 461,
    "name": "Office Supplies Product 461",
    "category": "Office Supplies",
    "price": 18.92,
    "sku": "SKU-461-2903",
    "description": "High-quality Office Supplies Product 461 designed for performance and durability.",
    "image": "https://picsum.photos/200/300",
    "stock": 63
  },
  {
    "id": 471,
    "name": "Office Supplies Product 471",
    "category": "Office Supplies",
    "price": 97.35,
    "sku": "SKU-471-3834",
    "description": "High-quality Office Supplies Product 471 designed for performance and durability.",
    "image": "https://picsum.photos/200/300",
    "stock": 34
  },
  {
    "id": 472,
    "name": "Office Supplies Product 472",
    "category": "Office Supplies",
    "price": 16.53,
    "sku": "SKU-472-3426",
    "description": "High-quality Office Supplies Product 472 designed for performance and durability.",
    "image": "https://picsum.photos/200/300",
    "stock": 113
  },
  {
    "id": 479,
    "name": "Office Supplies Product 479",
    "category": "Office Supplies",
    "price": 150.2,
    "sku": "SKU-479-5948",
    "description": "High-quality Office Supplies Product 479 designed for performance and durability.",
    "image": "https://picsum.photos/200/300",
    "stock": 34
  },
  {
    "id": 481,
    "name": "Office Supplies Product 481",
    "category": "Office Supplies",
    "price": 187.7,
    "sku": "SKU-481-4465",
    "description": "High-quality Office Supplies Product 481 designed for performance and durability.",
    "image": "https://picsum.photos/200/300",
    "stock": 22
  },
  {
    "id": 495,
    "name": "Office Supplies Product 495",
    "category": "Office Supplies",
    "price": 108.29,
    "sku": "SKU-495-5354",
    "description": "High-quality Office Supplies Product 495 designed for performance and durability.",
    "image": "https://picsum.photos/200/300",
    "stock": 80
  },
  {
    "id": 504,
    "name": "Office Supplies Product 504",
    "category": "Office Supplies",
    "price": 48.14,
    "sku": "SKU-504-5394",
    "description": "High-quality Office Supplies Product 504 designed for performance and durability.",
    "image": "https://picsum.photos/200/300",
    "stock": 121
  },
  {
    "id": 529,
    "name": "Office Supplies Product 529",
    "category": "Office Supplies",
    "price": 34.09,
    "sku": "SKU-529-9051",
    "description": "High-quality Office Supplies Product 529 designed for performance and durability.",
    "image": "https://picsum.photos/200/300",
    "stock": 80
  },
  {
    "id": 534,
    "name": "Office Supplies Product 534",
    "category": "Office Supplies",
    "price": 176.5,
    "sku": "SKU-534-2393",
    "description": "High-quality Office Supplies Product 534 designed for performance and durability.",
    "image": "https://picsum.photos/200/300",
    "stock": 3
  },
  {
    "id": 543,
    "name": "Office Supplies Product 543",
    "category": "Office Supplies",
    "price": 192.84,
    "sku": "SKU-543-1645",
    "description": "High-quality Office Supplies Product 543 designed for performance and durability.",
    "image": "https://picsum.photos/200/300",
    "stock": 110
  },
  {
    "id": 548,
    "name": "Office Supplies Product 548",
    "category": "Office Supplies",
    "price": 121.63,
    "sku": "SKU-548-9516",
    "description": "High-quality Office Supplies Product 548 designed for performance and durability.",
    "image": "https://picsum.photos/200/300",
    "stock": 9
  },
  {
    "id": 611,
    "name": "Office Supplies Product 611",
    "category": "Office Supplies",
    "price": 19.71,
    "sku": "SKU-611-4739",
    "description": "High-quality Office Supplies Product 611 designed for performance and durability.",
    "image": "https://picsum.photos/200/300",
    "stock": 29
  },
  {
    "id": 624,
    "name": "Office Supplies Product 624",
    "category": "Office Supplies",
    "price": 22.64,
    "sku": "SKU-624-6106",
    "description": "High-quality Office Supplies Product 624 designed for performance and durability.",
    "image": "https://picsum.photos/200/300",
    "stock": 50
  },
  {
    "id": 634,
    "name": "Office Supplies Product 634",
    "category": "Office Supplies",
    "price": 197.63,
    "sku": "SKU-634-5061",
    "description": "High-quality Office Supplies Product 634 designed for performance and durability.",
    "image": "https://picsum.photos/200/300",
    "stock": 3
  },
  {
    "id": 635,
    "name": "Office Supplies Product 635",
    "category": "Office Supplies",
    "price": 129.55,
    "sku": "SKU-635-4230",
    "description": "High-quality Office Supplies Product 635 designed for performance and durability.",
    "image": "https://picsum.photos/200/300",
    "stock": 121
  },
  {
    "id": 637,
    "name": "Office Supplies Product 637",
    "category": "Office Supplies",
    "price": 56.73,
    "sku": "SKU-637-5462",
    "description": "High-quality Office Supplies Product 637 designed for performance and durability.",
    "image": "https://picsum.photos/200/300",
    "stock": 74
  },
  {
    "id": 662,
    "name": "Office Supplies Product 662",
    "category": "Office Supplies",
    "price": 60.24,
    "sku": "SKU-662-8391",
    "description": "High-quality Office Supplies Product 662 designed for performance and durability.",
    "image": "https://picsum.photos/200/300",
    "stock": 78
  },
  {
    "id": 672,
    "name": "Office Supplies Product 672",
    "category": "Office Supplies",
    "price": 6.83,
    "sku": "SKU-672-7141",
    "description": "High-quality Office Supplies Product 672 designed for performance and durability.",
    "image": "https://picsum.photos/200/300",
    "stock": 47
  },
  {
    "id": 678,
    "name": "Office Supplies Product 678",
    "category": "Office Supplies",
    "price": 157.69,
    "sku": "SKU-678-2650",
    "description": "High-quality Office Supplies Product 678 designed for performance and durability.",
    "image": "https://picsum.photos/200/300",
    "stock": 122
  },
  {
    "id": 680,
    "name": "Office Supplies Product 680",
    "category": "Office Supplies",
    "price": 59.92,
    "sku": "SKU-680-3240",
    "description": "High-quality Office Supplies Product 680 designed for performance and durability.",
    "image": "https://picsum.photos/200/300",
    "stock": 94
  },
  {
    "id": 697,
    "name": "Office Supplies Product 697",
    "category": "Office Supplies",
    "price": 181.54,
    "sku": "SKU-697-2078",
    "description": "High-quality Office Supplies Product 697 designed for performance and durability.",
    "image": "https://picsum.photos/200/300",
    "stock": 135
  },
  {
    "id": 699,
    "name": "Office Supplies Product 699",
    "category": "Office Supplies",
    "price": 178.16,
    "sku": "SKU-699-9129",
    "description": "High-quality Office Supplies Product 699 designed for performance and durability.",
    "image": "https://picsum.photos/200/300",
    "stock": 48
  },
  {
    "id": 702,
    "name": "Office Supplies Product 702",
    "category": "Office Supplies",
    "price": 110.56,
    "sku": "SKU-702-5261",
    "description": "High-quality Office Supplies Product 702 designed for performance and durability.",
    "image": "https://picsum.photos/200/300",
    "stock": 3
  },
  {
    "id": 708,
    "name": "Office Supplies Product 708",
    "category": "Office Supplies",
    "price": 89.06,
    "sku": "SKU-708-9896",
    "description": "High-quality Office Supplies Product 708 designed for performance and durability.",
    "image": "https://picsum.photos/200/300",
    "stock": 36
  },
  {
    "id": 758,
    "name": "Office Supplies Product 758",
    "category": "Office Supplies",
    "price": 32.33,
    "sku": "SKU-758-1778",
    "description": "High-quality Office Supplies Product 758 designed for performance and durability.",
    "image": "https://picsum.photos/200/300",
    "stock": 140
  },
  {
    "id": 759,
    "name": "Office Supplies Product 759",
    "category": "Office Supplies",
    "price": 186.58,
    "sku": "SKU-759-7514",
    "description": "High-quality Office Supplies Product 759 designed for performance and durability.",
    "image": "https://picsum.photos/200/300",
    "stock": 90
  },
  {
    "id": 773,
    "name": "Office Supplies Product 773",
    "category": "Office Supplies",
    "price": 53.95,
    "sku": "SKU-773-7661",
    "description": "High-quality Office Supplies Product 773 designed for performance and durability.",
    "image": "https://picsum.photos/200/300",
    "stock": 52
  },
  {
    "id": 774,
    "name": "Office Supplies Product 774",
    "category": "Office Supplies",
    "price": 182.43,
    "sku": "SKU-774-6987",
    "description": "High-quality Office Supplies Product 774 designed for performance and durability.",
    "image": "https://picsum.photos/200/300",
    "stock": 144
  },
  {
    "id": 791,
    "name": "Office Supplies Product 791",
    "category": "Office Supplies",
    "price": 58.92,
    "sku": "SKU-791-1725",
    "description": "High-quality Office Supplies Product 791 designed for performance and durability.",
    "image": "https://picsum.photos/200/300",
    "stock": 43
  },
  {
    "id": 794,
    "name": "Office Supplies Product 794",
    "category": "Office Supplies",
    "price": 100.59,
    "sku": "SKU-794-8507",
    "description": "High-quality Office Supplies Product 794 designed for performance and durability.",
    "image": "https://picsum.photos/200/300",
    "stock": 3
  },
  {
    "id": 795,
    "name": "Office Supplies Product 795",
    "category": "Office Supplies",
    "price": 25.44,
    "sku": "SKU-795-7262",
    "description": "High-quality Office Supplies Product 795 designed for performance and durability.",
    "image": "https://picsum.photos/200/300",
    "stock": 74
  },
  {
    "id": 805,
    "name": "Office Supplies Product 805",
    "category": "Office Supplies",
    "price": 83.67,
    "sku": "SKU-805-2852",
    "description": "High-quality Office Supplies Product 805 designed for performance and durability.",
    "image": "https://picsum.photos/200/300",
    "stock": 54
  },
  {
    "id": 815,
    "name": "Office Supplies Product 815",
    "category": "Office Supplies",
    "price": 29.16,
    "sku": "SKU-815-3762",
    "description": "High-quality Office Supplies Product 815 designed for performance and durability.",
    "image": "https://picsum.photos/200/300",
    "stock": 123
  },
  {
    "id": 831,
    "name": "Office Supplies Product 831",
    "category": "Office Supplies",
    "price": 155.97,
    "sku": "SKU-831-7470",
    "description": "High-quality Office Supplies Product 831 designed for performance and durability.",
    "image": "https://picsum.photos/200/300",
    "stock": 122
  },
  {
    "id": 835,
    "name": "Office Supplies Product 835",
    "category": "Office Supplies",
    "price": 66.03,
    "sku": "SKU-835-6357",
    "description": "High-quality Office Supplies Product 835 designed for performance and durability.",
    "image": "https://picsum.photos/200/300",
    "stock": 131
  },
  {
    "id": 840,
    "name": "Office Supplies Product 840",
    "category": "Office Supplies",
    "price": 85.5,
    "sku": "SKU-840-3480",
    "description": "High-quality Office Supplies Product 840 designed for performance and durability.",
    "image": "https://picsum.photos/200/300",
    "stock": 2
  },
  {
    "id": 848,
    "name": "Office Supplies Product 848",
    "category": "Office Supplies",
    "price": 23.58,
    "sku": "SKU-848-3831",
    "description": "High-quality Office Supplies Product 848 designed for performance and durability.",
    "image": "https://picsum.photos/200/300",
    "stock": 123
  },
  {
    "id": 852,
    "name": "Office Supplies Product 852",
    "category": "Office Supplies",
    "price": 74.97,
    "sku": "SKU-852-2946",
    "description": "High-quality Office Supplies Product 852 designed for performance and durability.",
    "image": "https://picsum.photos/200/300",
    "stock": 78
  },
  {
    "id": 860,
    "name": "Office Supplies Product 860",
    "category": "Office Supplies",
    "price": 122.95,
    "sku": "SKU-860-6616",
    "description": "High-quality Office Supplies Product 860 designed for performance and durability.",
    "image": "https://picsum.photos/200/300",
    "stock": 99
  },
  {
    "id": 874,
    "name": "Office Supplies Product 874",
    "category": "Office Supplies",
    "price": 69.28,
    "sku": "SKU-874-3169",
    "description": "High-quality Office Supplies Product 874 designed for performance and durability.",
    "image": "https://picsum.photos/200/300",
    "stock": 44
  },
  {
    "id": 876,
    "name": "Office Supplies Product 876",
    "category": "Office Supplies",
    "price": 118.35,
    "sku": "SKU-876-8802",
    "description": "High-quality Office Supplies Product 876 designed for performance and durability.",
    "image": "https://picsum.photos/200/300",
    "stock": 14
  },
  {
    "id": 890,
    "name": "Office Supplies Product 890",
    "category": "Office Supplies",
    "price": 14.85,
    "sku": "SKU-890-2507",
    "description": "High-quality Office Supplies Product 890 designed for performance and durability.",
    "image": "https://picsum.photos/200/300",
    "stock": 85
  },
  {
    "id": 896,
    "name": "Office Supplies Product 896",
    "category": "Office Supplies",
    "price": 90.47,
    "sku": "SKU-896-6170",
    "description": "High-quality Office Supplies Product 896 designed for performance and durability.",
    "image": "https://picsum.photos/200/300",
    "stock": 40
  },
  {
    "id": 897,
    "name": "Office Supplies Product 897",
    "category": "Office Supplies",
    "price": 103.29,
    "sku": "SKU-897-9730",
    "description": "High-quality Office Supplies Product 897 designed for performance and durability.",
    "image": "https://picsum.photos/200/300",
    "stock": 54
  },
  {
    "id": 898,
    "name": "Office Supplies Product 898",
    "category": "Office Supplies",
    "price": 177.09,
    "sku": "SKU-898-7433",
    "description": "High-quality Office Supplies Product 898 designed for performance and durability.",
    "image": "https://picsum.photos/200/300",
    "stock": 73
  },
  {
    "id": 900,
    "name": "Office Supplies Product 900",
    "category": "Office Supplies",
    "price": 7.68,
    "sku": "SKU-900-6889",
    "description": "High-quality Office Supplies Product 900 designed for performance and durability.",
    "image": "https://picsum.photos/200/300",
    "stock": 117
  },
  {
    "id": 902,
    "name": "Office Supplies Product 902",
    "category": "Office Supplies",
    "price": 87.92,
    "sku": "SKU-902-9373",
    "description": "High-quality Office Supplies Product 902 designed for performance and durability.",
    "image": "https://picsum.photos/200/300",
    "stock": 102
  },
  {
    "id": 903,
    "name": "Office Supplies Product 903",
    "category": "Office Supplies",
    "price": 8.99,
    "sku": "SKU-903-7463",
    "description": "High-quality Office Supplies Product 903 designed for performance and durability.",
    "image": "https://picsum.photos/200/300",
    "stock": 90
  },
  {
    "id": 907,
    "name": "Office Supplies Product 907",
    "category": "Office Supplies",
    "price": 19.05,
    "sku": "SKU-907-7694",
    "description": "High-quality Office Supplies Product 907 designed for performance and durability.",
    "image": "https://picsum.photos/200/300",
    "stock": 130
  },
  {
    "id": 924,
    "name": "Office Supplies Product 924",
    "category": "Office Supplies",
    "price": 64.26,
    "sku": "SKU-924-8766",
    "description": "High-quality Office Supplies Product 924 designed for performance and durability.",
    "image": "https://picsum.photos/200/300",
    "stock": 6
  },
  {
    "id": 927,
    "name": "Office Supplies Product 927",
    "category": "Office Supplies",
    "price": 155.2,
    "sku": "SKU-927-3219",
    "description": "High-quality Office Supplies Product 927 designed for performance and durability.",
    "image": "https://picsum.photos/200/300",
    "stock": 80
  },
  {
    "id": 938,
    "name": "Office Supplies Product 938",
    "category": "Office Supplies",
    "price": 125.88,
    "sku": "SKU-938-8307",
    "description": "High-quality Office Supplies Product 938 designed for performance and durability.",
    "image": "https://picsum.photos/200/300",
    "stock": 96
  },
  {
    "id": 941,
    "name": "Office Supplies Product 941",
    "category": "Office Supplies",
    "price": 104.92,
    "sku": "SKU-941-8120",
    "description": "High-quality Office Supplies Product 941 designed for performance and durability.",
    "image": "https://picsum.photos/200/300",
    "stock": 50
  },
  {
    "id": 942,
    "name": "Office Supplies Product 942",
    "category": "Office Supplies",
    "price": 9.31,
    "sku": "SKU-942-6979",
    "description": "High-quality Office Supplies Product 942 designed for performance and durability.",
    "image": "https://picsum.photos/200/300",
    "stock": 13
  },
  {
    "id": 957,
    "name": "Office Supplies Product 957",
    "category": "Office Supplies",
    "price": 5.3,
    "sku": "SKU-957-4910",
    "description": "High-quality Office Supplies Product 957 designed for performance and durability.",
    "image": "https://picsum.photos/200/300",
    "stock": 60
  },
  {
    "id": 961,
    "name": "Office Supplies Product 961",
    "category": "Office Supplies",
    "price": 100.45,
    "sku": "SKU-961-7136",
    "description": "High-quality Office Supplies Product 961 designed for performance and durability.",
    "image": "https://picsum.photos/200/300",
    "stock": 37
  },
  {
    "id": 988,
    "name": "Office Supplies Product 988",
    "category": "Office Supplies",
    "price": 61.68,
    "sku": "SKU-988-6373",
    "description": "High-quality Office Supplies Product 988 designed for performance and durability.",
    "image": "https://picsum.photos/200/300",
    "stock": 98
  },
  {
    "id": 992,
    "name": "Office Supplies Product 992",
    "category": "Office Supplies",
    "price": 141.96,
    "sku": "SKU-992-9315",
    "description": "High-quality Office Supplies Product 992 designed for performance and durability.",
    "image": "https://picsum.photos/200/300",
    "stock": 149
  },
  {
    "id": 998,
    "name": "Office Supplies Product 998",
    "category": "Office Supplies",
    "price": 150.8,
    "sku": "SKU-998-9772",
    "description": "High-quality Office Supplies Product 998 designed for performance and durability.",
    "image": "https://picsum.photos/200/300",
    "stock": 122
  },
  {
    "id": 1022,
    "name": "Office Supplies Product 1022",
    "category": "Office Supplies",
    "price": 66.11,
    "sku": "SKU-1022-4572",
    "description": "High-quality Office Supplies Product 1022 designed for performance and durability.",
    "image": "https://picsum.photos/200/300",
    "stock": 52
  },
  {
    "id": 1029,
    "name": "Office Supplies Product 1029",
    "category": "Office Supplies",
    "price": 99.02,
    "sku": "SKU-1029-8656",
    "description": "High-quality Office Supplies Product 1029 designed for performance and durability.",
    "image": "https://picsum.photos/200/300",
    "stock": 59
  },
  {
    "id": 1039,
    "name": "Office Supplies Product 1039",
    "category": "Office Supplies",
    "price": 155.94,
    "sku": "SKU-1039-1475",
    "description": "High-quality Office Supplies Product 1039 designed for performance and durability.",
    "image": "https://picsum.photos/200/300",
    "stock": 45
  },
  {
    "id": 1045,
    "name": "Office Supplies Product 1045",
    "category": "Office Supplies",
    "price": 187.95,
    "sku": "SKU-1045-7359",
    "description": "High-quality Office Supplies Product 1045 designed for performance and durability.",
    "image": "https://picsum.photos/200/300",
    "stock": 136
  },
  {
    "id": 1055,
    "name": "Office Supplies Product 1055",
    "category": "Office Supplies",
    "price": 116.27,
    "sku": "SKU-1055-2114",
    "description": "High-quality Office Supplies Product 1055 designed for performance and durability.",
    "image": "https://picsum.photos/200/300",
    "stock": 16
  },
  {
    "id": 1063,
    "name": "Office Supplies Product 1063",
    "category": "Office Supplies",
    "price": 84.57,
    "sku": "SKU-1063-5407",
    "description": "High-quality Office Supplies Product 1063 designed for performance and durability.",
    "image": "https://picsum.photos/200/300",
    "stock": 32
  },
  {
    "id": 1068,
    "name": "Office Supplies Product 1068",
    "category": "Office Supplies",
    "price": 112.3,
    "sku": "SKU-1068-3064",
    "description": "High-quality Office Supplies Product 1068 designed for performance and durability.",
    "image": "https://picsum.photos/200/300",
    "stock": 128
  },
  {
    "id": 1070,
    "name": "Office Supplies Product 1070",
    "category": "Office Supplies",
    "price": 150,
    "sku": "SKU-1070-4670",
    "description": "High-quality Office Supplies Product 1070 designed for performance and durability.",
    "image": "https://picsum.photos/200/300",
    "stock": 93
  },
  {
    "id": 1072,
    "name": "Office Supplies Product 1072",
    "category": "Office Supplies",
    "price": 103.78,
    "sku": "SKU-1072-2351",
    "description": "High-quality Office Supplies Product 1072 designed for performance and durability.",
    "image": "https://picsum.photos/200/300",
    "stock": 62
  },
  {
    "id": 1074,
    "name": "Office Supplies Product 1074",
    "category": "Office Supplies",
    "price": 142.16,
    "sku": "SKU-1074-9234",
    "description": "High-quality Office Supplies Product 1074 designed for performance and durability.",
    "image": "https://picsum.photos/200/300",
    "stock": 141
  },
  {
    "id": 1125,
    "name": "Office Supplies Product 1125",
    "category": "Office Supplies",
    "price": 42.56,
    "sku": "SKU-1125-6853",
    "description": "High-quality Office Supplies Product 1125 designed for performance and durability.",
    "image": "https://picsum.photos/200/300",
    "stock": 1
  },
  {
    "id": 1138,
    "name": "Office Supplies Product 1138",
    "category": "Office Supplies",
    "price": 7.62,
    "sku": "SKU-1138-9283",
    "description": "High-quality Office Supplies Product 1138 designed for performance and durability.",
    "image": "https://picsum.photos/200/300",
    "stock": 107
  },
  {
    "id": 1150,
    "name": "Office Supplies Product 1150",
    "category": "Office Supplies",
    "price": 158.31,
    "sku": "SKU-1150-4621",
    "description": "High-quality Office Supplies Product 1150 designed for performance and durability.",
    "image": "https://picsum.photos/200/300",
    "stock": 146
  },
  {
    "id": 1171,
    "name": "Office Supplies Product 1171",
    "category": "Office Supplies",
    "price": 66.99,
    "sku": "SKU-1171-9243",
    "description": "High-quality Office Supplies Product 1171 designed for performance and durability.",
    "image": "https://picsum.photos/200/300",
    "stock": 20
  },
  {
    "id": 1172,
    "name": "Office Supplies Product 1172",
    "category": "Office Supplies",
    "price": 169.95,
    "sku": "SKU-1172-2287",
    "description": "High-quality Office Supplies Product 1172 designed for performance and durability.",
    "image": "https://picsum.photos/200/300",
    "stock": 111
  },
  {
    "id": 1194,
    "name": "Office Supplies Product 1194",
    "category": "Office Supplies",
    "price": 122.38,
    "sku": "SKU-1194-6504",
    "description": "High-quality Office Supplies Product 1194 designed for performance and durability.",
    "image": "https://picsum.photos/200/300",
    "stock": 95
  },
  {
    "id": 1202,
    "name": "Office Supplies Product 1202",
    "category": "Office Supplies",
    "price": 183.06,
    "sku": "SKU-1202-8696",
    "description": "High-quality Office Supplies Product 1202 designed for performance and durability.",
    "image": "https://picsum.photos/200/300",
    "stock": 67
  },
  {
    "id": 1206,
    "name": "Office Supplies Product 1206",
    "category": "Office Supplies",
    "price": 112.89,
    "sku": "SKU-1206-2310",
    "description": "High-quality Office Supplies Product 1206 designed for performance and durability.",
    "image": "https://picsum.photos/200/300",
    "stock": 124
  },
  {
    "id": 1207,
    "name": "Office Supplies Product 1207",
    "category": "Office Supplies",
    "price": 74.28,
    "sku": "SKU-1207-6837",
    "description": "High-quality Office Supplies Product 1207 designed for performance and durability.",
    "image": "https://picsum.photos/200/300",
    "stock": 49
  },
  {
    "id": 1209,
    "name": "Office Supplies Product 1209",
    "category": "Office Supplies",
    "price": 20.43,
    "sku": "SKU-1209-2286",
    "description": "High-quality Office Supplies Product 1209 designed for performance and durability.",
    "image": "https://picsum.photos/200/300",
    "stock": 84
  },
  {
    "id": 1222,
    "name": "Office Supplies Product 1222",
    "category": "Office Supplies",
    "price": 80.91,
    "sku": "SKU-1222-5682",
    "description": "High-quality Office Supplies Product 1222 designed for performance and durability.",
    "image": "https://picsum.photos/200/300",
    "stock": 11
  },
  {
    "id": 1225,
    "name": "Office Supplies Product 1225",
    "category": "Office Supplies",
    "price": 201.74,
    "sku": "SKU-1225-7179",
    "description": "High-quality Office Supplies Product 1225 designed for performance and durability.",
    "image": "https://picsum.photos/200/300",
    "stock": 96
  },
  {
    "id": 1248,
    "name": "Office Supplies Product 1248",
    "category": "Office Supplies",
    "price": 47.28,
    "sku": "SKU-1248-5126",
    "description": "High-quality Office Supplies Product 1248 designed for performance and durability.",
    "image": "https://picsum.photos/200/300",
    "stock": 101
  },
  {
    "id": 1257,
    "name": "Office Supplies Product 1257",
    "category": "Office Supplies",
    "price": 186.41,
    "sku": "SKU-1257-7764",
    "description": "High-quality Office Supplies Product 1257 designed for performance and durability.",
    "image": "https://picsum.photos/200/300",
    "stock": 3
  },
  {
    "id": 1262,
    "name": "Office Supplies Product 1262",
    "category": "Office Supplies",
    "price": 42.89,
    "sku": "SKU-1262-4774",
    "description": "High-quality Office Supplies Product 1262 designed for performance and durability.",
    "image": "https://picsum.photos/200/300",
    "stock": 13
  },
  {
    "id": 1263,
    "name": "Office Supplies Product 1263",
    "category": "Office Supplies",
    "price": 41.46,
    "sku": "SKU-1263-3886",
    "description": "High-quality Office Supplies Product 1263 designed for performance and durability.",
    "image": "https://picsum.photos/200/300",
    "stock": 32
  },
  {
    "id": 1265,
    "name": "Office Supplies Product 1265",
    "category": "Office Supplies",
    "price": 24.6,
    "sku": "SKU-1265-5680",
    "description": "High-quality Office Supplies Product 1265 designed for performance and durability.",
    "image": "https://picsum.photos/200/300",
    "stock": 40
  },
  {
    "id": 1271,
    "name": "Office Supplies Product 1271",
    "category": "Office Supplies",
    "price": 128.63,
    "sku": "SKU-1271-6887",
    "description": "High-quality Office Supplies Product 1271 designed for performance and durability.",
    "image": "https://picsum.photos/200/300",
    "stock": 29
  },
  {
    "id": 1286,
    "name": "Office Supplies Product 1286",
    "category": "Office Supplies",
    "price": 32.66,
    "sku": "SKU-1286-4252",
    "description": "High-quality Office Supplies Product 1286 designed for performance and durability.",
    "image": "https://picsum.photos/200/300",
    "stock": 20
  },
  {
    "id": 1303,
    "name": "Office Supplies Product 1303",
    "category": "Office Supplies",
    "price": 69.73,
    "sku": "SKU-1303-2362",
    "description": "High-quality Office Supplies Product 1303 designed for performance and durability.",
    "image": "https://picsum.photos/200/300",
    "stock": 1
  },
  {
    "id": 1324,
    "name": "Office Supplies Product 1324",
    "category": "Office Supplies",
    "price": 161.39,
    "sku": "SKU-1324-6685",
    "description": "High-quality Office Supplies Product 1324 designed for performance and durability.",
    "image": "https://picsum.photos/200/300",
    "stock": 83
  },
  {
    "id": 1330,
    "name": "Office Supplies Product 1330",
    "category": "Office Supplies",
    "price": 30.71,
    "sku": "SKU-1330-8493",
    "description": "High-quality Office Supplies Product 1330 designed for performance and durability.",
    "image": "https://picsum.photos/200/300",
    "stock": 83
  },
  {
    "id": 1337,
    "name": "Office Supplies Product 1337",
    "category": "Office Supplies",
    "price": 15.77,
    "sku": "SKU-1337-8815",
    "description": "High-quality Office Supplies Product 1337 designed for performance and durability.",
    "image": "https://picsum.photos/200/300",
    "stock": 86
  },
  {
    "id": 1346,
    "name": "Office Supplies Product 1346",
    "category": "Office Supplies",
    "price": 48.09,
    "sku": "SKU-1346-4221",
    "description": "High-quality Office Supplies Product 1346 designed for performance and durability.",
    "image": "https://picsum.photos/200/300",
    "stock": 150
  },
  {
    "id": 1392,
    "name": "Office Supplies Product 1392",
    "category": "Office Supplies",
    "price": 136.27,
    "sku": "SKU-1392-7356",
    "description": "High-quality Office Supplies Product 1392 designed for performance and durability.",
    "image": "https://picsum.photos/200/300",
    "stock": 74
  },
  {
    "id": 1402,
    "name": "Office Supplies Product 1402",
    "category": "Office Supplies",
    "price": 109.14,
    "sku": "SKU-1402-9355",
    "description": "High-quality Office Supplies Product 1402 designed for performance and durability.",
    "image": "https://picsum.photos/200/300",
    "stock": 66
  },
  {
    "id": 1417,
    "name": "Office Supplies Product 1417",
    "category": "Office Supplies",
    "price": 60.01,
    "sku": "SKU-1417-3217",
    "description": "High-quality Office Supplies Product 1417 designed for performance and durability.",
    "image": "https://picsum.photos/200/300",
    "stock": 85
  },
  {
    "id": 1449,
    "name": "Office Supplies Product 1449",
    "category": "Office Supplies",
    "price": 28.69,
    "sku": "SKU-1449-4567",
    "description": "High-quality Office Supplies Product 1449 designed for performance and durability.",
    "image": "https://picsum.photos/200/300",
    "stock": 68
  },
  {
    "id": 1450,
    "name": "Office Supplies Product 1450",
    "category": "Office Supplies",
    "price": 86.06,
    "sku": "SKU-1450-2088",
    "description": "High-quality Office Supplies Product 1450 designed for performance and durability.",
    "image": "https://picsum.photos/200/300",
    "stock": 140
  },
  {
    "id": 1459,
    "name": "Office Supplies Product 1459",
    "category": "Office Supplies",
    "price": 185.99,
    "sku": "SKU-1459-4535",
    "description": "High-quality Office Supplies Product 1459 designed for performance and durability.",
    "image": "https://picsum.photos/200/300",
    "stock": 113
  },
  {
    "id": 1472,
    "name": "Office Supplies Product 1472",
    "category": "Office Supplies",
    "price": 193.11,
    "sku": "SKU-1472-3764",
    "description": "High-quality Office Supplies Product 1472 designed for performance and durability.",
    "image": "https://picsum.photos/200/300",
    "stock": 121
  },
  {
    "id": 1476,
    "name": "Office Supplies Product 1476",
    "category": "Office Supplies",
    "price": 124.13,
    "sku": "SKU-1476-7602",
    "description": "High-quality Office Supplies Product 1476 designed for performance and durability.",
    "image": "https://picsum.photos/200/300",
    "stock": 7
  },
  {
    "id": 1490,
    "name": "Office Supplies Product 1490",
    "category": "Office Supplies",
    "price": 71.97,
    "sku": "SKU-1490-6291",
    "description": "High-quality Office Supplies Product 1490 designed for performance and durability.",
    "image": "https://picsum.photos/200/300",
    "stock": 63
  },
  {
    "id": 1491,
    "name": "Office Supplies Product 1491",
    "category": "Office Supplies",
    "price": 199.68,
    "sku": "SKU-1491-8203",
    "description": "High-quality Office Supplies Product 1491 designed for performance and durability.",
    "image": "https://picsum.photos/200/300",
    "stock": 85
  }
]