[
  {
    "id": 5,
    "name": "Sports & Outdoors Product 5",
    "category": "Sports & Outdoors",
    "price": 82.49,
    "sku": "SKU-5-3560",
    "description": "High-quality Sports & Outdoors Product 5 designed for performance and durability.",
    "image": "https://picsum.photos/200/300",
    "stock": 81
  },
  {
    "id": 8,
    "name": "Sports & Outdoors Product 8",
    "category": "Sports & Outdoors",
    "price": 7.24,
    "sku": "SKU-8-4677",
    "description": "High-quality Sports & Outdoors Product 8 designed for performance and durability.",
    "image": "https://picsum.photos/200/300",
    "stock": 150
  },
  {
    "id": 16,
    "name": "Sports & Outdoors Product 16",
    "category": "Sports & Outdoors",
    "price": 160.38,
    "sku": "SKU-16-1314",
    "description": "High-quality Sports & Outdoors Product 16 designed for performance and durability.",
    "image": "https://picsum.photos/200/300",
    "stock": 2
  },
  {
    "id": 22,
    "name": "Sports & Outdoors Product 22",
    "category": "Sports & Outdoors",
    "price": 17.21,
    "sku": "SKU-22-9183",
    "description": "High-quality Sports & Outdoors Product 22 designed for performance and durability.",
    "image": "https://picsum.photos/200/300",
    "stock": 149
  },
  {
    "id": 23,
    "name": "Sports & Outdoors Product 23",
    "category": "Sports & Outdoors",
    "price": 13.12,
    "sku": "SKU-23-9630",
    "description": "High-quality Sports & Outdoors Product 23 designed for performance and durability.",
    "image": "https://picsum.photos/200/300",
    "stock": 122
  },
  {
    "id": 28,
    "name": "Sports & Outdoors Product 28",
    "category": "Sports & Outdoors",
    "price": 114.1,
    "sku": "SKU-28-4544",
    "description": "High-quality Sports & Outdoors Product 28 designed for performance and durability.",
    "image": "https://picsum.photos/200/300",
    "stock": 49
  },
  {
    "id": 49,
    "name": "Sports & Outdoors Product 49",
    "category": "Sports & Outdoors",
    "price": 187.42,
    "sku": "SKU-49-1924",
    "description": "High-quality Sports & Outdoors Product 49 designed for performance and durability.",
    "image": "https://picsum.photos/200/300",
    "stock": 13
  },
  {
    "id": 50,
    "name": "Sports & Outdoors Product 50",
    "category": "Sports & Outdoors",
    "price": 188.11,
    "sku": "SKU-50-9341",
    "description": "High-quality Sports & Outdoors Product 50 designed for performance and durability.",
    "image": "https://picsum.photos/200/300",
    "stock": 118
  },
  {
    "id": 57,
    "name": "Sports & Outdoors Product 57",
    "category": "Sports & Outdoors",
    "price": 103.83,
    "sku": "SKU-57-9465",
    "description": "High-quality Sports & Outdoors Product 57 designed for performance and durability.",
    "image": "https://picsum.photos/200/300",
    "stock": 135
  },
  {
    "id": 72,
    "name": "Sports & Outdoors Product 72",
    "category": "Sports & Outdoors",
    "price": 14.67,
    "sku": "SKU-72-2329",
    "description": "High-quality Sports & Outdoors Product 72 designed for performance and durability.",
    "image": "https://picsum.photos/200/300",
    "stock": 110
  },
  {
    "id": 86,
    "name": "Sports & Outdoors Product 86",
    "category": "Sports & Outdoors",
    "price": 126.82,
    "sku": "SKU-86-6792",
    "description": "High-quality Sports & Outdoors Product 86 designed for performance and durability.",
    "image": "https://picsum.photos/200/300",
    "stock": 68
  },
  {
    "id": 88,
    "name": "Sports & Outdoors Product 88",
    "category": "Sports & Outdoors",
    "price": 75.05,
    "sku": "SKU-88-3613",
    "description": "High-quality Sports & Outdoors Product 88 designed for performance and durability.",
    "image": "https://picsum.photos/200/300",
    "stock": 16
  },
  {
    "id": 95,
    "name": "Sports & Outdoors Product 95",
    "category": "Sports & Outdoors",
    "price": 50.62,
    "sku": "SKU-95-5419",
    "description": "High-quality Sports & Outdoors Product 95 designed for performance and durability.",
    "image": "https://picsum.photos/200/300",
    "stock": 23
  },
  {
    "id": 99,
    "name": "Sports & Outdoors Product 99",
    "category": "Sports & Outdoors",
    "price": 136.6,
    "sku": "SKU-99-1932",
    "description": "High-quality Sports & Outdoors Product 99 designed for performance and durability.",
    "image": "https://picsum.photos/200/300",
    "stock": 80
  },
  {
    "id": 110,
    "name": "Sports & Outdoors Product 110",
    "category": "Sports & Outdoors",
    "price": 171.57,
    "sku": "SKU-110-7085",
    "description": "High-quality Sports & Outdoors Product 110 designed for performance and durability.",
    "image": "https://picsum.photos/200/300",
    "stock": 114
  },
  {
    "id": 112,
    "name": "Sports & Outdoors Product 112",
    "category": "Sports & Outdoors",
    "price": 171.08,
    "sku": "SKU-112-8003",
    "description": "High-quality Sports & Outdoors Product 112 designed for performance and durability.",
    "image": "https://picsum.photos/200/300",
    "stock": 130
  },
  {
    "id": 122,
    "name": "Sports & Outdoors Product 122",
    "category": "Sports & Outdoors",
    "price": 187.94,
    "sku": "SKU-122-4358",
    "description": "High-quality Sports & Outdoors Product 122 designed for performance and durability.",
    "image": "https://picsum.photos/200/300",
    "stock": 9
  },
  {
    "id": 127,
    "name": "Sports & Outdoors Product 127",
    "category": "Sports & Outdoors",
    "price": 33.17,
    "sku": "SKU-127-5302",
    "description": "High-quality Sports & Outdoors Product 127 designed for performance and durability.",
    "image": "https://picsum.photos/200/300",
    "stock": 50
  },
  {
    "id": 144,
    "name": "Sports & Outdoors Product 144",
    "category": "Sports & Outdoors",
    "price": 19.08,
    "sku": "SKU-144-8477",
    "description": "High-quality Sports & Outdoors Product 144 designed for performance and durability.",
    "image": "https://picsum.photos/200/300",
    "stock": 147
  },
  {
    "id": 150,
    "name": "Sports & Outdoors Product 150",
    "category": "Sports & Outdoors",
    "price": 111.39,
    "sku": "SKU-150-3430",
    "description": "High-quality Sports & Outdoors Product 150 designed for performance and durability.",
    "image": "https://picsum.photos/200/300",
    "stock": 106
  },
  {
    "id": 154,
    "name": "Sports & Outdoors Product 154",
    "category": "Sports & Outdoors",
    "price": 83.25,
    "sku": "SKU-154-7262",
    "description": "High-quality Sports & Outdoors Product 154 designed for performance and durability.",
    "image": "https://picsum.photos/200/300",
    "stock": 13
  },
  {
    "id": 160,
    "name": "Sports & Outdoors Product 160",
    "category": "Sports & Outdoors",
    "price": 64.59,
    "sku": "SKU-160-8202",
    "description": "High-quality Sports & Outdoors Product 160 designed for performance and durability.",
    "image": "https://picsum.photos/200/300",
    "stock": 67
  },
  {
    "id": 165,
    "name": "Sports & Outdoors Product 165",
    "category": "Sports & Outdoors",
    "price": 169.59,
    "sku": "SKU-165-7470",
    "description": "High-quality Sports & Outdoors Product 165 designed for performance and durability.",
    "image": "https://picsum.photos/200/300",
    "stock": 118
  },
  {
    "id": 168,
    "name": "Sports & Outdoors Product 168",
    "category": "Sports & Outdoors",
    "price": 74.62,
    "sku": "SKU-168-6542",
    "description": "High-quality Sports & Outdoors Product 168 designed for performance and durability.",
    "image": "https://picsum.photos/200/300",
    "stock": 105
  },
  {
    "id": 185,
    "name": "Sports & Outdoors Product 185",
    "category": "Sports & Outdoors",
    "price": 11.64,
    "sku": "SKU-185-6675",
    "description": "High-quality Sports & Outdoors Product 185 designed for performance and durability.",
    "image": "https://picsum.photos/200/300",
    "stock": 106
  },
  {
    "id": 195,
    "name": "Sports & Outdoors Product 195",
    "category": "Sports & Outdoors",
    "price": 25.55,
    "sku": "SKU-195-4800",
    "description": "High-quality Sports & Outdoors Product 195 designed for performance and durability.",
    "image": "https://picsum.photos/200/300",
    "stock": 126
  },
  {
    "id": 229,
    "name": "Sports & Outdoors Product 229",
    "category": "Sports & Outdoors",
    "price": 88.99,
    "sku": "SKU-229-7151",
    "description": "High-quality Sports & Outdoors Product 229 designed for performance and durability.",
    "image": "https://picsum.photos/200/300",
    "stock": 22
  },
  {
    "id": 252,
    "name": "Sports & Outdoors Product 252",
    "category": "Sports & Outdoors",
    "price": 157.13,
    "sku": "SKU-252-2405",
    "description": "High-quality Sports & Outdoors Product 252 designed for performance and durability.",
    "image": "https://picsum.photos/200/300",
    "stock": 4
  },
  {
    "id": 256,
    "name": "Sports & Outdoors Product 256",
    "category": "Sports & Outdoors",
    "price": 203.04,
    "sku": "SKU-256-5987",
    "description": "High-quality Sports & Outdoors Product 256 designed for performance and durability.",
    "image": "https://picsum.photos/200/300",
    "stock": 115
  },
  {
    "id": 264,
    "name": "Sports & Outdoors Product 264",
    "category": "Sports & Outdoors",
    "price": 117.12,
    "sku": "SKU-264-2849",
    "description": "High-quality Sports & Outdoors Product 264 designed for performance and durability.",
    "image": "https://picsum.photos/200/300",
    "stock": 141
  },
  {
    "id": 302,
    "name": "Sports & Outdoors Product 302",
    "category": "Sports & Outdoors",
    "price": 96.16,
    "sku": "SKU-302-3745",
    "description": "High-quality Sports & Outdoors Product 302 designed for performance and durability.",
    "image": "https://picsum.photos/200/300",
    "stock": 48
  },
  {
    "id": 303,
    "name": "Sports & Outdoors Product 303",
    "category": "Sports & Outdoors",
    "price": 199.58,
    "sku": "SKU-303-8132",
    "description": "High-quality Sports & Outdoors Product 303 designed for performance and durability.",
    "image": "https://picsum.photos/200/300",
    "stock": 32
  },
  {
    "id": 306,
    "name": "Sports & Outdoors Product 306",
    "category": "Sports & Outdoors",
    "price": 29.86,
    "sku": "SKU-306-8253",
    "description": "High-quality Sports & Outdoors Product 306 designed for performance and durability.",
    "image": "https://picsum.photos/200/300",
    "stock": 89
  },
  {
    "id": 312,
    "name": "Sports & Outdoors Product 312",
    "category": "Sports & Outdoors",
    "price": 33.29,
    "sku": "SKU-312-9216",
    "description": "High-quality Sports & Outdoors Product 312 designed for performance and durability.",
    "image": "https://picsum.photos/200/300",
    "stock": 37
  },
  {
    "id": 323,
    "name": "Sports & Outdoors Product 323",
    "category": "Sports & Outdoors",
    "price": 69.06,
    "sku": "SKU-323-3314",
    "description": "High-quality Sports & Outdoors Product 323 designed for performance and durability.",
    "image": "https://picsum.photos/200/300",
    "stock": 60
  },
  {
    "id": 348,
    "name": "Sports & Outdoors Product 348",
    "category": "Sports & Outdoors",
    "price": 106.11,
    "sku": "SKU-348-1105",
    "description": "High-quality Sports & Outdoors Product 348 designed for performance and durability.",
    "image": "https://picsum.photos/200/300",
    "stock": 40
  },
  {
    "id": 400,
    "name": "Sports & Outdoors Product 400",
    "category": "Sports & Outdoors",
    "price": 50.14,
    "sku": "SKU-400-3795",
    "description": "High-quality Sports & Outdoors Product 400 designed for performance and durability.",
    "image": "https://picsum.photos/200/300",
    "stock": 51
  },
  {
    "id": 402,
    "name": "Sports & Outdoors Product 402",
    "category": "Sports & Outdoors",
    "price": 36.97,
    "sku": "SKU-402-4096",
    "description": "High-quality Sports & Outdoors Product 402 designed for performance and durability.",
    "image": "https://picsum.photos/200/300",
    "stock": 33
  },
  {
    "id": 403,
    "name": "Sports & Outdoors Product 403",
    "category": "Sports & Outdoors",
    "price": 188.45,
    "sku": "SKU-403-8848",
    "description": "High-quality Sports & Outdoors Product 403 designed for performance and durability.",
    "image": "https://picsum.photos/200/300",
    "stock": 150
  },
  {
    "id": 409,
    "name": "Sports & Outdoors Product 409",
    "category": "Sports & Outdoors",
    "price": 24.98,
    "sku": "SKU-409-5066",
    "description": "High-quality Sports & Outdoors Product 409 designed for performance and durability.",
    "image": "https://picsum.photos/200/300",
    "stock": 1
  },
  {
    "id": 416,
    "name": "Sports & Outdoors Product 416",
    "category": "Sports & Outdoors",
    "price": 79.65,
    "sku": "SKU-416-2284",
    "description": "High-quality Sports & Outdoors Product 416 designed for performance and durability.",
    "image": "https://picsum.photos/200/300",
    "stock": 53
  },
  {
    "id": 428,
    "name": "Sports & Outdoors Product 428",
    "category": "Sports & Outdoors",
    "price": 195.99,
    "sku": "SKU-428-3486",
    "description": "High-quality Sports & Outdoors Product 428 designed for performance and durability.",
    "image": "https://picsum.photos/200/300",
    "stock": 60
  },
  {
    "id": 460,
    "name": "Sports & Outdoors Product 460",
    "category": "Sports & Outdoors",
    "price": 101.59,
    "sku": "SKU-460-3639",
    "description": "High-quality Sports & Outdoors Product 460 designed for performance and durability.",
    "image": "https://picsum.photos/200/300",
    "stock": 39
  },
  {
    "id": 468,
    "name": "Sports & Outdoors Product 468",
    "category": "Sports & Outdoors",
    "price": 35.99,
    "sku": "SKU-468-6578",
    "description": "High-quality Sports & Outdoors Product 468 designed for performance and durability.",
    "image": "https://picsum.photos/200/300",
    "stock": 19
  },
  {
    "id": 469,
    "name": "Sports & Outdoors Product 469",
    "category": "Sports & Outdoors",
    "price": 134.2,
    "sku": "SKU-469-4083",
    "description": "High-quality Sports & Outdoors Product 469 designed for performance and durability.",
    "image": "https://picsum.photos/200/300",
    "stock": 142
  },
  {
    "id": 476,
    "name": "Sports & Outdoors Product 476",
    "category": "Sports & Outdoors",
    "price": 23.66,
    "sku": "SKU-476-1954",
    "description": "High-quality Sports & Outdoors Product 476 designed for performance and durability.",
    "image": "https://picsum.photos/200/300",
    "stock": 16
  },
  {
    "id": 489,
    "name": "Sports & Outdoors Product 489",
    "category": "Sports & Outdoors",
    "price": 141.66,
    "sku": "SKU-489-8296",
    "description": "High-quality Sports & Outdoors Product 489 designed for performance and durability.",
    "image": "https://picsum.photos/200/300",
    "stock": 70
  },
  {
    "id": 491,
    "name": "Sports & Outdoors Product 491",
    "category": "Sports & Outdoors",
    "price": 162.7,
    "sku": "SKU-491-1619",
    "description": "High-quality Sports & Outdoors Product 491 designed for performance and durability.",
    "image": "https://picsum.photos/200/300",
    "stock": 101
  },
  {
    "id": 551,
    "name": "Sports & Outdoors Product 551",
    "category": "Sports & Outdoors",
    "price": 133.91,
    "sku": "SKU-551-6045",
    "description": "High-quality Sports & Outdoors Product 551 designed for performance and durability.",
    "image": "https://picsum.photos/200/300",
    "stock": 95
  },
  {
    "id": 565,
    "name": "Sports & Outdoors Product 565",
    "category": "Sports & Outdoors",
    "price": 9.85,
    "sku": "SKU-565-5948",
    "description": "High-quality Sports & Outdoors Product 565 designed for performance and durability.",
    "image": "https://picsum.photos/200/300",
    "stock": 89
  },
  {
    "id": 581,
    "name": "Sports & Outdoors Product 581",
    "category": "Sports & Outdoors",
    "price": 129.82,
    "sku": "SKU-581-3403",
    "description": "High-quality Sports & Outdoors Product 581 designed for performance and durability.",
    "image": "https://picsum.photos/200/300",
    "stock": 2
  },
  {
    "id": 588,
    "name": "Sports & Outdoors Product 588",
    "category": "Sports & Outdoors",
    "price": 174.95,
    "sku": "SKU-588-4040",
    "description": "High-quality Sports & Outdoors Product 588 designed for performance and durability.",
    "image": "https://picsum.photos/200/300",
    "stock": 51
  },
  {
    "id": 600,
    "name": "Sports & Outdoors Product 600",
    "category": "Sports & Outdoors",
    "price": 7.05,
    "sku": "SKU-600-9343",
    "description": "High-quality Sports & Outdoors Product 600 designed for performance and durability.",
    "image": "https://picsum.photos/200/300",
    "stock": 134
  },
  {
    "id": 601,
    "name": "Sports & Outdoors Product 601",
    "category": "Sports & Outdoors",
    "price": 174.96,
    "sku": "SKU-601-9984",
    "description": "High-quality Sports & Outdoors Product 601 designed for performance and durability.",
    "image": "https://picsum.photos/200/300",
    "stock": 131
  },
  {
    "id": 618,
    "name": "Sports & Outdoors Product 618",
    "category": "Sports & Outdoors",
    "price": 62.25,
    "sku": "SKU-618-4068",
    "description": "High-quality Sports & Outdoors Product 618 designed for performance and durability.",
    "image": "https://picsum.photos/200/300",
    "stock": 14
  },
  {
    "id": 623,
    "name": "Sports & Outdoors Product 623",
    "category": "Sports & Outdoors",
    "price": 162.16,
    "sku": "SKU-623-5484",
    "description": "High-quality Sports & Outdoors Product 623 designed for performance and durability.",
    "image": "https://picsum.photos/200/300",
    "stock": 142
  },
  {
    "id": 625,
    "name": "Sports & Outdoors Product 625",
    "category": "Sports & Outdoors",
    "price": 184.61,
    "sku": "SKU-625-7166",
    "description": "High-quality Sports & Outdoors Product 625 designed for performance and durability.",
    "image": "https://picsum.photos/200/300",
    "stock": 91
  },
  {
    "id": 626,
    "name": "Sports & Outdoors Product 626",
    "category": "Sports & Outdoors",
    "price": 194.66,
    "sku": "SKU-626-3163",
    "description": "High-quality Sports & Outdoors Product 626 designed for performance and durability.",
    "image": "https://picsum.photos/200/300",
    "stock": 106
  },
  {
    "id": 636,
    "name": "Sports & Outdoors Product 636",
    "category": "Sports & Outdoors",
    "price": 106.18,
    "sku": "SKU-636-1205",
    "description": "High-quality Sports & Outdoors Product 636 designed for performance and durability.",
    "image": "https://picsum.photos/200/300",
    "stock": 87
  },
  {
    "id": 651,
    "name": "Sports & Outdoors Product 651",
    "category": "Sports & Outdoors",
    "price": 80.83,
    "sku": "SKU-651-9624",
    "description": "High-quality Sports & Outdoors Product 651 designed for performance and durability.",
    "image": "https://picsum.photos/200/300",
    "stock": 73
  },
  {
    "id": 655,
    "name": "Sports & Outdoors Product 655",
    "category": "Sports & Outdoors",
    "price": 16.88,
    "sku": "SKU-655-3374",
    "description": "High-quality Sports & Outdoors Product 655 designed for performance and durability.",
    "image": "https://picsum.photos/200/300",
    "stock": 36
  },
  {
    "id": 658,
    "name": "Sports & Outdoors Product 658",
    "category": "Sports & Outdoors",
    "price": 34.69,
    "sku": "SKU-658-5616",
    "description": "High-quality Sports & Outdoors Product 658 designed for performance and durability.",
    "image": "https://picsum.photos/200/300",
    "stock": 113
  },
  {
    "id": 666,
    "name": "Sports & Outdoors Product 666",
    "category": "Sports & Outdoors",
    "price": 196.18,
    "sku": "SKU-666-5187",
    "description": "High-quality Sports & Outdoors Product 666 designed for performance and durability.",
    "image": "https://picsum.photos/200/300",
    "stock": 108
  },
  {
    "id": 669,
    "name": "Sports & Outdoors Product 669",
    "category": "Sports & Outdoors",
    "price": 8.99,
    "sku": "SKU-669-1807",
    "description": "High-quality Sports & Outdoors Product 669 designed for performance and durability.",
    "image": "https://picsum.photos/200/300",
    "stock": 26
  },
  {
    "id": 700,
    "name": "Sports & Outdoors Product 700",
    "category": "Sports & Outdoors",
    "price": 110.32,
    "sku": "SKU-700-6861",
    "description": "High-quality Sports & Outdoors Product 700 designed for performance and durability.",
    "image": "https://picsum.photos/200/300",
    "stock": 119
  },
  {
    "id": 701,
    "name": "Sports & Outdoors Product 701",
    "category": "Sports & Outdoors",
    "price": 195.66,
    "sku": "SKU-701-2477",
    "description": "High-quality Sports & Outdoors Product 701 designed for performance and durability.",
    "image": "https://picsum.photos/200/300",
    "stock": 71
  },
  {
    "id": 715,
    "name": "Sports & Outdoors Product 715",
    "category": "Sports & Outdoors",
    "price": 85.55,
    "sku": "SKU-715-6622",
    "description": "High-quality Sports & Outdoors Product 715 designed for performance and durability.",
    "image": "https://picsum.photos/200/300",
    "stock": 109
  },
  {
    "id": 723,
    "name": "Sports & Outdoors Product 723",
    "category": "Sports & Outdoors",
    "price": 134.57,
    "sku": "SKU-723-8678",
    "description": "High-quality Sports & Outdoors Product 723 designed for performance and durability.",
    "image": "https://picsum.photos/200/300",
    "stock": 127
  },
  {
    "id": 741,
    "name": "Sports & Outdoors Product 741",
    "category": "Sports & Outdoors",
    "price": 172.32,
    "sku": "SKU-741-9250",
    "description": "High-quality Sports & Outdoors Product 741 designed for performance and durability.",
    "image": "https://picsum.photos/200/300",
    "stock": 125
  },
  {
    "id": 751,
    "name": "Sports & Outdoors Product 751",
    "category": "Sports & Outdoors",
    "price": 137.24,
    "sku": "SKU-751-3391",
    "description": "High-quality Sports & Outdoors Product 751 designed for performance and durability.",
    "image": "https://picsum.photos/200/300",
    "stock": 95
  },
  {
    "id": 760,
    "name": "Sports & Outdoors Product 760",
    "category": "Sports & Outdoors",
    "price": 121.19,
    "sku": "SKU-760-7838",
    "description": "High-quality Sports & Outdoors Product 760 designed for performance and durability.",
    "image": "https://picsum.photos/200/300",
    "stock": 133
  },
  {
    "id": 762,
    "name": "Sports & Outdoors Product 762",
    "category": "Sports & Outdoors",
    "price": 197.96,
    "sku": "SKU-762-1781",
    "description": "High-quality Sports & Outdoors Product 762 designed for performance and durability.",
    "image": "https://picsum.photos/200/300",
    "stock": 122
  },
  {
    "id": 766,
    "name": "Sports & Outdoors Product 766",
    "category": "Sports & Outdoors",
    "price": 119.38,
    "sku": "SKU-766-9278",
    "description": "High-quality Sports & Outdoors Product 766 designed for performance and durability.",
    "image": "https://picsum.photos/200/300",
    "stock": 110
  },
  {
    "id": 768,
    "name": "Sports & Outdoors Product 768",
    "category": "Sports & Outdoors",
    "price": 67.92,
    "sku": "SKU-768-5683",
    "description": "High-quality Sports & Outdoors Product 768 designed for performance and durability.",
    "image": "https://picsum.photos/200/300",
    "stock": 16
  },
  {
    "id": 784,
    "name": "Sports & Outdoors Product 784",
    "category": "Sports & Outdoors",
    "price": 162.07,
    "sku": "SKU-784-5955",
    "description": "High-quality Sports & Outdoors Product 784 designed for performance and durability.",
    "image": "https://picsum.photos/200/300",
    "stock": 124
  },
  {
    "id": 785,
    "name": "Sports & Outdoors Product 785",
    "category": "Sports & Outdoors",
    "price": 199.11,
    "sku": "SKU-785-6413",
    "description": "High-quality Sports & Outdoors Product 785 designed for performance and durability.",
    "image": "https://picsum.photos/200/300",
    "stock": 122
  },
  {
    "id": 793,
    "name": "Sports & Outdoors Product 793",
    "category": "Sports & Outdoors",
    "price": 103.43,
    "sku": "SKU-793-8254",
    "description": "High-quality Sports & Outdoors Product 793 designed for performance and durability.",
    "image": "https://picsum.photos/200/300",
    "stock": 56
  },
  {
    "id": 801,
    "name": "Sports & Outdoors Product 801",
    "category": "Sports & Outdoors",
    "price": 181.87,
    "sku": "SKU-801-1810",
    "description": "High-quality Sports & Outdoors Product 801 designed for performance and durability.",
    "image": "https://picsum.photos/200/300",
    "stock": 73
  },
  {
    "id": 804,
    "name": "Sports & Outdoors Product 804",
    "category": "Sports & Outdoors",
    "price": 196.88,
    "sku": "SKU-804-7296",
    "description": "High-quality Sports & Outdoors Product 804 designed for performance and durability.",
    "image": "https://picsum.photos/200/300",
    "stock": 141
  },
  {
    "id": 810,
    "name": "Sports & Outdoors Product 810",
    "category": "Sports & Outdoors",
    "price": 195.12,
    "sku": "SKU-810-2782",
    "description": "High-quality Sports & Outdoors Product 810 designed for performance and durability.",
    "image": "https://picsum.photos/200/300",
    "stock": 74
  },
  {
    "id": 856,
    "name": "Sports & Outdoors Product 856",
    "category": "Sports & Outdoors",
    "price": 39.39,
    "sku": "SKU-856-6516",
    "description": "High-quality Sports & Outdoors Product 856 designed for performance and durability.",
    "image": "https://picsum.photos/200/300",
    "stock": 90
  },
  {
    "id": 861,
    "name": "Sports & Outdoors Product 861",
    "category": "Sports & Outdoors",
    "price": 51.74,
    "sku": "SKU-861-1040",
    "description": "High-quality Sports & Outdoors Product 861 designed for performance and durability.",
    "image": "https://picsum.photos/200/300",
    "stock": 129
  },
  {
    "id": 885,
    "name": "Sports & Outdoors Product 885",
    "category": "Sports & Outdoors",
    "price": 175.95,
    "sku": "SKU-885-7255",
    "description": "High-quality Sports & Outdoors Product 885 designed for performance and durability.",
    "image": "https://picsum.photos/200/300",
    "stock": 77
  },
  {
    "id": 886,
    "name": "Sports & Outdoors Product 886",
    "category": "Sports & Outdoors",
    "price": 103.96,
    "sku": "SKU-886-7648",
    "description": "High-quality Sports & Outdoors Product 886 designed for performance and durability.",
    "image": "https://picsum.photos/200/300",
    "stock": 136
  },
  {
    "id": 887,
    "name": "Sports & Outdoors Product 887",
    "category": "Sports & Outdoors",
    "price": 193.05,
    "sku": "SKU-887-8575",
    "description": "High-quality Sports & Outdoors Product 887 designed for performance and durability.",
    "image": "https://picsum.photos/200/300",
    "stock": 100
  },
  {
    "id": 892,
    "name": "Sports & Outdoors Product 892",
    "category": "Sports & Outdoors",
    "price": 108.46,
    "sku": "SKU-892-8769",
    "description": "High-quality Sports & Outdoors Product 892 designed for performance and durability.",
    "image": "https://picsum.photos/200/300",
    "stock": 148
  },
  {
    "id": 930,
    "name": "Sports & Outdoors Product 930",
    "category": "Sports & Outdoors",
    "price": 144.16,
    "sku": "SKU-930-4663",
    "description": "High-quality Sports & Outdoors Product 930 designed for performance and durability.",
    "image": "https://picsum.photos/200/300",
    "stock": 149
  },
  {
    "id": 933,
    "name": "Sports & Outdoors Product 933",
    "category": "Sports & Outdoors",
    "price": 171.87,
    "sku": "SKU-933-3264",
    "description": "High-quality Sports & Outdoors Product 933 designed for performance and durability.",
    "image": "https://picsum.photos/200/300",
    "stock": 140
  },
  {
    "id": 944,
    "name": "Sports & Outdoors Product 944",
    "category": "Sports & Outdoors",
    "price": 57.62,
    "sku": "SKU-944-8648",
    "description": "High-quality Sports & Outdoors Product 944 designed for performance and durability.",
    "image": "https://picsum.photos/200/300",
    "stock": 99
  },
  {
    "id": 951,
    "name": "Sports & Outdoors Product 951",
    "category": "Sports & Outdoors",
    "price": 171.68,
    "sku": "SKU-951-9247",
    "description": "High-quality Sports & Outdoors Product 951 designed for performance and durability.",
    "image": "https://picsum.photos/200/300",
    "stock": 22
  },
  {
    "id": 955,
    "name": "Sports & Outdoors Product 955",
    "category": "Sports & Outdoors",
    "price": 5.18,
    "sku": "SKU-955-5402",
    "description": "High-quality Sports & Outdoors Product 955 designed for performance and durability.",
    "image": "https://picsum.photos/200/300",
    "stock": 54
  },
  {
    "id": 956,
    "name": "Sports & Outdoors Product 956",
    "category": "Sports & Outdoors",
    "price": 158.57,
    "sku": "SKU-956-9400",
    "description": "High-quality Sports & Outdoors Product 956 designed for performance and durability.",
    "image": "https://picsum.photos/200/300",
    "stock": 92
  },
  {
    "id": 960,
    "name": "Sports & Outdoors Product 960",
    "category": "Sports & Outdoors",
    "price": 140.17,
    "sku": "SKU-960-3666",
    "description": "High-quality Sports & Outdoors Product 960 designed for performance and durability.",
    "image": "https://picsum.photos/200/300",
    "stock": 108
  },
  {
    "id": 963,
    "name": "Sports & Outdoors Product 963",
    "category": "Sports & Outdoors",
    "price": 87.45,
    "sku": "SKU-963-8563",
    "description": "High-quality Sports & Outdoors Product 963 designed for performance and durability.",
    "image": "https://picsum.photos/200/300",
    "stock": 108
  },
  {
    "id": 977,
    "name": "Sports & Outdoors Product 977",
    "category": "Sports & Outdoors",
    "price": 160.99,
    "sku": "SKU-977-6569",
    "description": "High-quality Sports & Outdoors Product 977 designed for performance and durability.",
    "image": "https://picsum.photos/200/300",
    "stock": 106
  },
  {
    "id": 986,
    "name": "Sports & Outdoors Product 986",
    "category": "Sports & Outdoors",
    "price": 25.17,
    "sku": "SKU-986-2979",
    "description": "High-quality Sports & Outdoors Product 986 designed for performance and durability.",
    "image": "https://picsum.photos/200/300",
    "stock": 6
  },
  {
    "id": 994,
    "name": "Sports & Outdoors Product 994",
    "category": "Sports & Outdoors",
    "price": 94.05,
    "sku": "SKU-994-8331",
    "description": "High-quality Sports & Outdoors Product 994 designed for performance and durability.",
    "image": "https://picsum.photos/200/300",
    "stock": 106
  },
  {
    "id": 996,
    "name": "Sports & Outdoors Product 996",
    "category": "Sports & Outdoors",
    "price": 181.8,
    "sku": "SKU-996-7482",
    "description": "High-quality Sports & Outdoors Product 996 designed for performance and durability.",
    "image": "https://picsum.photos/200/300",
    "stock": 96
  },
  {
    "id": 1009,
    "name": "Sports & Outdoors Product 1009",
    "category": "Sports & Outdoors",
    "price": 63.49,
    "sku": "SKU-1009-8960",
    "description": "High-quality Sports & Outdoors Product 1009 designed for performance and durability.",
    "image": "https://picsum.photos/200/300",
    "stock": 89
  },
  {
    "id": 1027,
    "name": "Sports & Outdoors Product 1027",
    "category": "Sports & Outdoors",
    "price": 185.53,
    "sku": "SKU-1027-7009",
    "description": "High-quality Sports & Outdoors Product 1027 designed for performance and durability.",
    "image": "https://picsum.photos/200/300",
    "stock": 124
  },
  {
    "id": 1038,
    "name": "Sports & Outdoors Product 1038",
    "category": "Sports & Outdoors",
    "price": 108.35,
    "sku": "SKU-1038-1660",
    "description": "High-quality Sports & Outdoors Product 1038 designed for performance and durability.",
    "image": "https://picsum.photos/200/300",
    "stock": 1
  },
  {
    "id": 1051,
    "name": "Sports & Outdoors Product 1051",
    "category": "Sports & Outdoors",
    "price": 72.45,
    "sku": "SKU-1051-3715",
    "description": "High-quality Sports & Outdoors Product 1051 designed for performance and durability.",
    "image": "https://picsum.photos/200/300",
    "stock": 25
  },
  {
    "id": 1059,
    "name": "Sports & Outdoors Product 1059",
    "category": "Sports & Outdoors",
    "price": 33.42,
    "sku": "SKU-1059-9688",
    "description": "High-quality Sports & Outdoors Product 1059 designed for performance and durability.",
    "image": "https://picsum.photos/200/300",
    "stock": 42
  },
  {
    "id": 1071,
    "name": "Sports & Outdoors Product 1071",
    "category": "Sports & Outdoors",
    "price": 41.59,
    "sku": "SKU-1071-4488",
    "description": "High-quality Sports & Outdoors Product 1071 designed for performance and durability.",
    "image": "https://picsum.photos/200/300",
    "stock": 137
  },
  {
    "id": 1077,
    "name": "Sports & Outdoors Product 1077",
    "category": "Sports & Outdoors",
    "price": 148.08,
    "sku": "SKU-1077-8298",
    "description": "High-quality Sports & Outdoors Product 1077 designed for performance and durability.",
    "image": "https://picsum.photos/200/300",
    "stock": 4
  },
  {
    "id": 1097,
    "name": "Sports & Outdoors Product 1097",
    "category": "Sports & Outdoors",
    "price": 89.78,
    "sku": "SKU-1097-1783",
    "description": "High-quality Sports & Outdoors Product 1097 designed for performance and durability.",
    "image": "https://picsum.photos/200/300",
    "stock": 144
  },
  {
    "id": 1113,
    "name": "Sports & Outdoors Product 1113",
    "category": "Sports & Outdoors",
    "price": 178.46,
    "sku": "SKU-1113-2263",
    "description": "High-quality Sports & Outdoors Product 1113 designed for performance and durability.",
    "image": "https://picsum.photos/200/300",
    "stock": 79
  },
  {
    "id": 1129,
    "name": "Sports & Outdoors Product 1129",
    "category": "Sports & Outdoors",
    "price": 41.74,
    "sku": "SKU-1129-5977",
    "description": "High-quality Sports & Outdoors Product 1129 designed for performance and durability.",
    "image": "https://picsum.photos/200/300",
    "stock": 21
  },
  {
    "id": 1135,
    "name": "Sports & Outdoors Product 1135",
    "category": "Sports & Outdoors",
    "price": 162.83,
    "sku": "SKU-1135-4611",
    "description": "High-quality Sports & Outdoors Product 1135 designed for performance and durability.",
    "image": "https://picsum.photos/200/300",
    "stock": 99
  },
  {
    "id": 1136,
    "name": "Sports & Outdoors Product 1136",
    "category": "Sports & Outdoors",
    "price": 168.48,
    "sku": "SKU-1136-3861",
    "description": "High-quality Sports & Outdoors Product 1136 designed for performance and durability.",
    "image": "https://picsum.photos/200/300",
    "stock": 134
  },
  {
    "id": 1147,
    "name": "Sports & Outdoors Product 1147",
    "category": "Sports & Outdoors",
    "price": 110.26,
    "sku": "SKU-1147-1696",
    "description": "High-quality Sports & Outdoors Product 1147 designed for performance and durability.",
    "image": "https://picsum.photos/200/300",
    "stock": 131
  },
  {
    "id": 1148,
    "name": "Sports & Outdoors Product 1148",
    "category": "Sports & Outdoors",
    "price": 99.17,
    "sku": "SKU-1148-7946",
    "description": "High-quality Sports & Outdoors Product 1148 designed for performance and durability.",
    "image": "https://picsum.photos/200/300",
    "stock": 66
  },
  {
    "id": 1164,
    "name": "Sports & Outdoors Product 1164",
    "category": "Sports & Outdoors",
    "price": 32.54,
    "sku": "SKU-1164-4785",
    "description": "High-quality Sports & Outdoors Product 1164 designed for performance and durability.",
    "image": "https://picsum.photos/200/300",
    "stock": 61
  },
  {
    "id": 1169,
    "name": "Sports & Outdoors Product 1169",
    "category": "Sports & Outdoors",
    "price": 67.59,
    "sku": "SKU-1169-6331",
    "description": "High-quality Sports & Outdoors Product 1169 designed for performance and durability.",
    "image": "https://picsum.photos/200/300",
    "stock": 62
  },
  {
    "id": 1170,
    "name": "Sports & Outdoors Product 1170",
    "category": "Sports & Outdoors",
    "price": 172.45,
    "sku": "SKU-1170-4142",
    "description": "High-quality Sports & Outdoors Product 1170 designed for performance and durability.",
    "image": "https://picsum.photos/200/300",
    "stock": 150
  },
  {
    "id": 1181,
    "name": "Sports & Outdoors Product 1181",
    "category": "Sports & Outdoors",
    "price": 183.5,
    "sku": "SKU-1181-7441",
    "description": "High-quality Sports & Outdoors Product 1181 designed for performance and durability.",
    "image": "https://picsum.photos/200/300",
    "stock": 126
  },
  {
    "id": 1200,
    "name": "Sports & Outdoors Product 1200",
    "category": "Sports & Outdoors",
    "price": 68.93,
    "sku": "SKU-1200-6669",
    "description": "High-quality Sports & Outdoors Product 1200 designed for performance and durability.",
    "image": "https://picsum.photos/200/300",
    "stock": 14
  },
  {
    "id": 1204,
    "name": "Sports & Outdoors Product 1204",
    "category": "Sports & Outdoors",
    "price": 167.17,
    "sku": "SKU-1204-2931",
    "description": "High-quality Sports & Outdoors Product 1204 designed for performance and durability.",
    "image": "https://picsum.photos/200/300",
    "stock": 127
  },
  {
    "id": 1212,
    "name": "Sports & Outdoors Product 1212",
    "category": "Sports & Outdoors",
    "price": 123.3,
    "sku": "SKU-1212-2970",
    "description": "High-quality Sports & Outdoors Product 1212 designed for performance and durability.",
    "image": "https://picsum.photos/200/300",
    "stock": 62
  },
  {
    "id": 1226,
    "name": "Sports & Outdoors Product 1226",
    "category": "Sports & Outdoors",
    "price": 187.46,
    "sku": "SKU-1226-7193",
    "description": "High-quality Sports & Outdoors Product 1226 designed for performance and durability.",
    "image": "https://picsum.photos/200/300",
    "stock": 127
  },
  {
    "id": 1239,
    "name": "Sports & Outdoors Product 1239",
    "category": "Sports & Outdoors",
    "price": 143.94,
    "sku": "SKU-1239-6520",
    "description": "High-quality Sports & Outdoors Product 1239 designed for performance and durability.",
    "image": "https://picsum.photos/200/300",
    "stock": 116
  },
  {
    "id": 1242,
    "name": "Sports & Outdoors Product 1242",
    "category": "Sports & Outdoors",
    "price": 144.76,
    "sku": "SKU-1242-1340",
    "description": "High-quality Sports & Outdoors Product 1242 designed for performance and durability.",
    "image": "https://picsum.photos/200/300",
    "stock": 124
  },
  {
    "id": 1252,
    "name": "Sports & Outdoors Product 1252",
    "category": "Sports & Outdoors",
    "price": 99.52,
    "sku": "SKU-1252-6102",
    "description": "High-quality Sports & Outdoors Product 1252 designed for performance and durability.",
    "image": "https://picsum.photos/200/300",
    "stock": 34
  },
  {
    "id": 1255,
    "name": "Sports & Outdoors Product 1255",
    "category": "Sports & Outdoors",
    "price": 93.2,
    "sku": "SKU-1255-4189",
    "description": "High-quality Sports & Outdoors Product 1255 designed for performance and durability.",
    "image": "https://picsum.photos/200/300",
    "stock": 24
  },
  {
    "id": 1256,
    "name": "Sports & Outdoors Product 1256",
    "category": "Sports & Outdoors",
    "price": 200.46,
    "sku": "SKU-1256-8354",
    "description": "High-quality Sports & Outdoors Product 1256 designed for performance and durability.",
    "image": "https://picsum.photos/200/300",
    "stock": 96
  },
  {
    "id": 1260,
    "name": "Sports & Outdoors Product 1260",
    "category": "Sports & Outdoors",
    "price": 197,
    "sku": "SKU-1260-8981",
    "description": "High-quality Sports & Outdoors Product 1260 designed for performance and durability.",
    "image": "https://picsum.photos/200/300",
    "stock": 93
  },
  {
    "id": 1270,
    "name": "Sports & Outdoors Product 1270",
    "category": "Sports & Outdoors",
    "price": 128.77,
    "sku": "SKU-1270-7789",
    "description": "High-quality Sports & Outdoors Product 1270 designed for performance and durability.",
    "image": "https://picsum.photos/200/300",
    "stock": 19
  },
  {
    "id": 1273,
    "name": "Sports & Outdoors Product 1273",
    "category": "Sports & Outdoors",
    "price": 7.8,
    "sku": "SKU-1273-1409",
    "description": "High-quality Sports & Outdoors Product 1273 designed for performance and durability.",
    "image": "https://picsum.photos/200/300",
    "stock": 109
  },
  {
    "id": 1279,
    "name": "Sports & Outdoors Product 1279",
    "category": "Sports & Outdoors",
    "price": 64.62,
    "sku": "SKU-1279-7126",
    "description": "High-quality Sports & Outdoors Product 1279 designed for performance and durability.",
    "image": "https://picsum.photos/200/300",
    "stock": 29
  },
  {
    "id": 1289,
    "name": "Sports & Outdoors Product 1289",
    "category": "Sports & Outdoors",
    "price": 125.91,
    "sku": "SKU-1289-5446",
    "description": "High-quality Sports & Outdoors Product 1289 designed for performance and durability.",
    "image": "https://picsum.photos/200/300",
    "stock": 54
  },
  {
    "id": 1313,
    "name": "Sports & Outdoors Product 1313",
    "category": "Sports & Outdoors",
    "price": 141.68,
    "sku": "SKU-1313-3548",
    "description": "High-quality Sports & Outdoors Product 1313 designed for performance and durability.",
    "image": "https://picsum.photos/200/300",
    "stock": 149
  },
  {
    "id": 1316,
    "name": "Sports & Outdoors Product 1316",
    "category": "Sports & Outdoors",
    "price": 35.84,
    "sku": "SKU-1316-4602",
    "description": "High-quality Sports & Outdoors Product 1316 designed for performance and durability.",
    "image": "https://picsum.photos/200/300",
    "stock": 105
  },
  {
    "id": 1319,
    "name": "Sports & Outdoors Product 1319",
    "category": "Sports & Outdoors",
    "price": 91.39,
    "sku": "SKU-1319-7196",
    "description": "High-quality Sports & Outdoors Product 1319 designed for performance and durability.",
    "image": "https://picsum.photos/200/300",
    "stock": 110
  },
  {
    "id": 1326,
    "name": "Sports & Outdoors Product 1326",
    "category": "Sports & Outdoors",
    "price": 183.52,
    "sku": "SKU-1326-7557",
    "description": "High-quality Sports & Outdoors Product 1326 designed for performance and durability.",
    "image": "https://picsum.photos/200/300",
    "stock": 101
  },
  {
    "id": 1328,
    "name": "Sports & Outdoors Product 1328",
    "category": "Sports & Outdoors",
    "price": 103.14,
    "sku": "SKU-1328-7222",
    "description": "High-quality Sports & Outdoors Product 1328 designed for performance and durability.",
    "image": "https://picsum.photos/200/300",
    "stock": 48
  },
  {
    "id": 1332,
    "name": "Sports & Outdoors Product 1332",
    "category": "Sports & Outdoors",
    "price": 101.99,
    "sku": "SKU-1332-8301",
    "description": "High-quality Sports & Outdoors Product 1332 designed for performance and durability.",
    "image": "https://picsum.photos/200/300",
    "stock": 150
  },
  {
    "id": 1339,
    "name": "Sports & Outdoors Product 1339",
    "category": "Sports & Outdoors",
    "price": 98.6,
    "sku": "SKU-1339-7243",
    "description": "High-quality Sports & Outdoors Product 1339 designed for performance and durability.",
    "image": "https://picsum.photos/200/300",
    "stock": 39
  },
  {
    "id": 1345,
    "name": "Sports & Outdoors Product 1345",
    "category": "Sports & Outdoors",
    "price": 35.77,
    "sku": "SKU-1345-8493",
    "description": "High-quality Sports & Outdoors Product 1345 designed for performance and durability.",
    "image": "https://picsum.photos/200/300",
    "stock": 104
  },
  {
    "id": 1348,
    "name": "Sports & Outdoors Product 1348",
    "category": "Sports & Outdoors",
    "price": 33.97,
    "sku": "SKU-1348-3427",
    "description": "High-quality Sports & Outdoors Product 1348 designed for performance and durability.",
    "image": "https://picsum.photos/200/300",
    "stock": 140
  },
  {
    "id": 1362,
    "name": "Sports & Outdoors Product 1362",
    "category": "Sports & Outdoors",
    "price": 114.98,
    "sku": "SKU-1362-4963",
    "description": "High-quality Sports & Outdoors Product 1362 designed for performance and durability.",
    "image": "https://picsum.photos/200/300",
    "stock": 94
  },
  {
    "id": 1371,
    "name": "Sports & Outdoors Product 1371",
    "category": "Sports & Outdoors",
    "price": 83.94,
    "sku": "SKU-1371-9285",
    "description": "High-quality Sports & Outdoors Product 1371 designed for performance and durability.",
    "image": "https://picsum.photos/200/300",
    "stock": 143
  },
  {
    "id": 1390,
    "name": "Sports & Outdoors Product 1390",
    "category": "Sports & Outdoors",
    "price": 159.66,
    "sku": "SKU-1390-6961",
    "description": "High-quality Sports & Outdoors Product 1390 designed for performance and durability.",
    "image": "https://picsum.photos/200/300",
    "stock": 3
  },
  {
    "id": 1396,
    "name": "Sports & Outdoors Product 1396",
    "category": "Sports & Outdoors",
    "price": 183.61,
    "sku": "SKU-1396-1638",
    "description": "High-quality Sports & Outdoors Product 1396 designed for performance and durability.",
    "image": "https://picsum.photos/200/300",
    "stock": 123
  },
  {
    "id": 1401,
    "name": "Sports & Outdoors Product 1401",
    "category": "Sports & Outdoors",
    "price": 54.67,
    "sku": "SKU-1401-1743",
    "description": "High-quality Sports & Outdoors Product 1401 designed for performance and durability.",
    "image": "https://picsum.photos/200/300",
    "stock": 144
  },
  {
    "id": 1408,
    "name": "Sports & Outdoors Product 1408",
    "category": "Sports & Outdoors",
    "price": 138.93,
    "sku": "SKU-1408-2300",
    "description": "High-quality Sports & Outdoors Product 1408 designed for performance and durability.",
    "image": "https://picsum.photos/200/300",
    "stock": 1
  },
  {
    "id": 1419,
    "name": "Sports & Outdoors Product 1419",
    "category": "Sports & Outdoors",
    "price": 60.49,
    "sku": "SKU-1419-9283",
    "description": "High-quality Sports & Outdoors Product 1419 designed for performance and durability.",
    "image": "https://picsum.photos/200/300",
    "stock": 134
  },
  {
    "id": 1426,
    "name": "Sports & Outdoors Product 1426",
    "category": "Sports & Outdoors",
    "price": 171.43,
    "sku": "SKU-1426-8084",
    "description": "High-quality Sports & Outdoors Product 1426 designed for performance and durability.",
    "image": "https://picsum.photos/200/300",
    "stock": 26
  },
  {
    "id": 1428,
    "name": "Sports & Outdoors Product 1428",
    "category": "Sports & Outdoors",
    "price": 15.99,
    "sku": "SKU-1428-5608",
    "description": "High-quality Sports & Outdoors Product 1428 designed for performance and durability.",
    "image": "https://picsum.photos/200/300",
    "stock": 25
  },
  {
    "id": 1441,
    "name": "Sports & Outdoors Product 1441",
    "category": "Sports & Outdoors",
    "price": 117.31,
    "sku": "SKU-1441-9509",
    "description": "High-quality Sports & Outdoors Product 1441 designed for performance and durability.",
    "image": "https://picsum.photos/200/300",
    "stock": 24
  },
  {
    "id": 1442,
    "name": "Sports & Outdoors Product 1442",
    "category": "Sports & Outdoors",
    "price": 135.81,
    "sku": "SKU-1442-8245",
    "description": "High-quality Sports & Outdoors Product 1442 designed for performance and durability.",
    "image": "https://picsum.photos/200/300",
    "stock": 58
  },
  {
    "id": 1446,
    "name": "Sports & Outdoors Product 1446",
    "category": "Sports & Outdoors",
    "price": 116.05,
    "sku": "SKU-1446-7779",
    "description": "High-quality Sports & Outdoors Product 1446 designed for performance and durability.",
    "image": "https://picsum.photos/200/300",
    "stock": 114
  },
  {
    "id": 1467,
    "name": "Sports & Outdoors Product 1467",
    "category": "Sports & Outdoors",
    "price": 95.65,
    "sku": "SKU-1467-7191",
    "description": "High-quality Sports & Outdoors Product 1467 designed for performance and durability.",
    "image": "https://picsum.photos/200/300",
    "stock": 30
  },
  {
    "id": 1483,
    "name": "Sports & Outdoors Product 1483",
    "category": "Sports & Outdoors",
    "price": 181.86,
    "sku": "SKU-1483-7509",
    "description": "High-quality Sports & Outdoors Product 1483 designed for performance and durability.",
    "image": "https://picsum.photos/200/300",
    "stock": 66
  },
  {
    "id": 1487,
    "name": "Sports & Outdoors Product 1487",
    "category": "Sports & Outdoors",
    "price": 93.17,
    "sku": "SKU-1487-9633",
    "description": "High-quality Sports & Outdoors Product 1487 designed for performance and durability.",
    "image": "https://picsum.photos/200/300",
    "stock": 55
  },
  {
    "id": 1495,
    "name": "Sports & Outdoors Product 1495",
    "category": "Sports & Outdoors",
    "price": 86.08,
    "sku": "SKU-1495-6440",
    "description": "High-quality Sports & Outdoors Product 1495 designed for performance and durability.",
    "image": "https://picsum.photos/200/300",
    "stock": 32
  }
]