[
  {
    "id": 31,
    "name": "Toys & Games Product 31",
    "category": "Toys & Games",
    "price": 158.77,
    "sku": "SKU-31-4982",
    "description": "High-quality Toys & Games Product 31 designed for performance and durability.",
    "image": "https://picsum.photos/200/300",
    "stock": 105
  },
  {
    "id": 35,
    "name": "Toys & Games Product 35",
    "category": "Toys & Games",
    "price": 83.82,
    "sku": "SKU-35-2489",
    "description": "High-quality Toys & Games Product 35 designed for performance and durability.",
    "image": "https://picsum.photos/200/300",
    "stock": 16
  },
  {
    "id": 38,
    "name": "Toys & Games Product 38",
    "category": "Toys & Games",
    "price": 126.43,
    "sku": "SKU-38-1772",
    "description": "High-quality Toys & Games Product 38 designed for performance and durability.",
    "image": "https://picsum.photos/200/300",
    "stock": 106
  },
  {
    "id": 39,
    "name": "Toys & Games Product 39",
    "category": "Toys & Games",
    "price": 190.94,
    "sku": "SKU-39-4354",
    "description": "High-quality Toys & Games Product 39 designed for performance and durability.",
    "image": "https://picsum.photos/200/300",
    "stock": 57
  },
  {
    "id": 42,
    "name": "Toys & Games Product 42",
    "category": "Toys & Games",
    "price": 176.21,
    "sku": "SKU-42-8465",
    "description": "High-quality Toys & Games Product 42 designed for performance and durability.",
    "image": "https://picsum.photos/200/300",
    "stock": 38
  },
  {
    "id": 52,
    "name": "Toys & Games Product 52",
    "category": "Toys & Games",
    "price": 77.35,
    "sku": "SKU-52-5641",
    "description": "High-quality Toys & Games Product 52 designed for performance and durability.",
    "image": "https://picsum.photos/200/300",
    "stock": 25
  },
  {
    "id": 65,
    "name": "Toys & Games Product 65",
    "category": "Toys & Games",
    "price": 128.35,
    "sku": "SKU-65-8915",
    "description": "High-quality Toys & Games Product 65 designed for performance and durability.",
    "image": "https://picsum.photos/200/300",
    "stock": 98
  },
  {
    "id": 83,
    "name": "Toys & Games Product 83",
    "category": "Toys & Games",
    "price": 14.35,
    "sku": "SKU-83-8100",
    "description": "High-quality Toys & Games Product 83 designed for performance and durability.",
    "image": "https://picsum.photos/200/300",
    "stock": 148
  },
  {
    "id": 84,
    "name": "Toys & Games Product 84",
    "category": "Toys & Games",
    "price": 178.58,
    "sku": "SKU-84-6916",
    "description": "High-quality Toys & Games Product 84 designed for performance and durability.",
    "image": "https://picsum.photos/200/300",
    "stock": 21
  },
  {
    "id": 89,
    "name": "Toys & Games Product 89",
    "category": "Toys & Games",
    "price": 7.02,
    "sku": "SKU-89-9411",
    "description": "High-quality Toys & Games Product 89 designed for performance and durability.",
    "image": "https://picsum.photos/200/300",
    "stock": 149
  },
  {
    "id": 96,
    "name": "Toys & Games Product 96",
    "category": "Toys & Games",
    "price": 11.57,
    "sku": "SKU-96-4370",
    "description": "High-quality Toys & Games Product 96 designed for performance and durability.",
    "image": "https://picsum.photos/200/300",
    "stock": 18
  },
  {
    "id": 97,
    "name": "Toys & Games Product 97",
    "category": "Toys & Games",
    "price": 119.41,
    "sku": "SKU-97-8151",
    "description": "High-quality Toys & Games Product 97 designed for performance and durability.",
    "image": "https://picsum.photos/200/300",
    "stock": 61
  },
  {
    "id": 124,
    "name": "Toys & Games Product 124",
    "category": "Toys & Games",
    "price": 36.4,
    "sku": "SKU-124-2508",
    "description": "High-quality Toys & Games Product 124 designed for performance and durability.",
    "image": "https://picsum.photos/200/300",
    "stock": 48
  },
  {
    "id": 131,
    "name": "Toys & Games Product 131",
    "category": "Toys & Games",
    "price": 174.66,
    "sku": "SKU-131-1648",
    "description": "High-quality Toys & Games Product 131 designed for performance and durability.",
    "image": "https://picsum.photos/200/300",
    "stock": 65
  },
  {
    "id": 134,
    "name": "Toys & Games Product 134",
    "category": "Toys & Games",
    "price": 60.14,
    "sku": "SKU-134-2362",
    "description": "High-quality Toys & Games Product 134 designed for performance and durability.",
    "image": "https://picsum.photos/200/300",
    "stock": 39
  },
  {
    "id": 135,
    "name": "Toys & Games Product 135",
    "category": "Toys & Games",
    "price": 119.92,
    "sku": "SKU-135-4965",
    "description": "High-quality Toys & Games Product 135 designed for performance and durability.",
    "image": "https://picsum.photos/200/300",
    "stock": 6
  },
  {
    "id": 140,
    "name": "Toys & Games Product 140",
    "category": "Toys & Games",
    "price": 70.62,
    "sku": "SKU-140-3101",
    "description": "High-quality Toys & Games Product 140 designed for performance and durability.",
    "image": "https://picsum.photos/200/300",
    "stock": 137
  },
  {
    "id": 143,
    "name": "Toys & Games Product 143",
    "category": "Toys & Games",
    "price": 193.98,
    "sku": "SKU-143-3415",
    "description": "High-quality Toys & Games Product 143 designed for performance and durability.",
    "image": "https://picsum.photos/200/300",
    "stock": 73
  },
  {
    "id": 155,
    "name": "Toys & Games Product 155",
    "category": "Toys & Games",
    "price": 181.97,
    "sku": "SKU-155-5123",
    "description": "High-quality Toys & Games Product 155 designed for performance and durability.",
    "image": "https://picsum.photos/200/300",
    "stock": 110
  },
  {
    "id": 162,
    "name": "Toys & Games Product 162",
    "category": "Toys & Games",
    "price": 150.84,
    "sku": "SKU-162-9973",
    "description": "High-quality Toys & Games Product 162 designed for performance and durability.",
    "image": "https://picsum.photos/200/300",
    "stock": 114
  },
  {
    "id": 169,
    "name": "Toys & Games Product 169",
    "category": "Toys & Games",
    "price": 49.27,
    "sku": "SKU-169-5170",
    "description": "High-quality Toys & Games Product 169 designed for performance and durability.",
    "image": "https://picsum.photos/200/300",
    "stock": 96
  },
  {
    "id": 180,
    "name": "Toys & Games Product 180",
    "category": "Toys & Games",
    "price": 6.89,
    "sku": "SKU-180-4114",
    "description": "High-quality Toys & Games Product 180 designed for performance and durability.",
    "image": "https://picsum.photos/200/300",
    "stock": 101
  },
  {
    "id": 184,
    "name": "Toys & Games Product 184",
    "category": "Toys & Games",
    "price": 136.53,
    "sku": "SKU-184-6217",
    "description": "High-quality Toys & Games Product 184 designed for performance and durability.",
    "image": "https://picsum.photos/200/300",
    "stock": 16
  },
  {
    "id": 188,
    "name": "Toys & Games Product 188",
    "category": "Toys & Games",
    "price": 56.14,
    "sku": "SKU-188-1019",
    "description": "High-quality Toys & Games Product 188 designed for performance and durability.",
    "image": "https://picsum.photos/200/300",
    "stock": 119
  },
  {
    "id": 200,
    "name": "Toys & Games Product 200",
    "category": "Toys & Games",
    "price": 188.9,
    "sku": "SKU-200-9468",
    "description": "High-quality Toys & Games Product 200 designed for performance and durability.",
    "image": "https://picsum.photos/200/300",
    "stock": 144
  },
  {
    "id": 220,
    "name": "Toys & Games Product 220",
    "category": "Toys & Games",
    "price": 176.7,
    "sku": "SKU-220-4402",
    "description": "High-quality Toys & Games Product 220 designed for performance and durability.",
    "image": "https://picsum.photos/200/300",
    "stock": 66
  },
  {
    "id": 248,
    "name": "Toys & Games Product 248",
    "category": "Toys & Games",
    "price": 84.9,
    "sku": "SKU-248-5843",
    "description": "High-quality Toys & Games Product 248 designed for performance and durability.",
    "image": "https://picsum.photos/200/300",
    "stock": 118
  },
  {
    "id": 267,
    "name": "Toys & Games Product 267",
    "category": "Toys & Games",
    "price": 119.15,
    "sku": "SKU-267-9994",
    "description": "High-quality Toys & Games Product 267 designed for performance and durability.",
    "image": "https://picsum.photos/200/300",
    "stock": 22
  },
  {
    "id": 272,
    "name": "Toys & Games Product 272",
    "category": "Toys & Games",
    "price": 22.01,
    "sku": "SKU-272-3147",
    "description": "High-quality Toys & Games Product 272 designed for performance and durability.",
    "image": "https://picsum.photos/200/300",
    "stock": 144
  },
  {
    "id": 278,
    "name": "Toys & Games Product 278",
    "category": "Toys & Games",
    "price": 140.26,
    "sku": "SKU-278-4057",
    "description": "High-quality Toys & Games Product 278 designed for performance and durability.",
    "image": "https://picsum.photos/200/300",
    "stock": 137
  },
  {
    "id": 285,
    "name": "Toys & Games Product 285",
    "category": "Toys & Games",
    "price": 101.76,
    "sku": "SKU-285-6935",
    "description": "High-quality Toys & Games Product 285 designed for performance and durability.",
    "image": "https://picsum.photos/200/300",
    "stock": 26
  },
  {
    "id": 287,
    "name": "Toys & Games Product 287",
    "category": "Toys & Games",
    "price": 128.89,
    "sku": "SKU-287-4254",
    "description": "High-quality Toys & Games Product 287 designed for performance and durability.",
    "image": "https://picsum.photos/200/300",
    "stock": 81
  },
  {
    "id": 305,
    "name": "Toys & Games Product 305",
    "category": "Toys & Games",
    "price": 66.09,
    "sku": "SKU-305-1589",
    "description": "High-quality Toys & Games Product 305 designed for performance and durability.",
    "image": "https://picsum.photos/200/300",
    "stock": 26
  },
  {
    "id": 308,
    "name": "Toys & Games Product 308",
    "category": "Toys & Games",
    "price": 169.11,
    "sku": "SKU-308-7857",
    "description": "High-quality Toys & Games Product 308 designed for performance and durability.",
    "image": "https://picsum.photos/200/300",
    "stock": 39
  },
  {
    "id": 335,
    "name": "Toys & Games Product 335",
    "category": "Toys & Games",
    "price": 184.8,
    "sku": "SKU-335-4346",
    "description": "High-quality Toys & Games Product 335 designed for performance and durability.",
    "image": "https://picsum.photos/200/300",
    "stock": 58
  },
  {
    "id": 339,
    "name": "Toys & Games Product 339",
    "category": "Toys & Games",
    "price": 124.2,
    "sku": "SKU-339-5983",
    "description": "High-quality Toys & Games Product 339 designed for performance and durability.",
    "image": "https://picsum.photos/200/300",
    "stock": 70
  },
  {
    "id": 352,
    "name": "Toys & Games Product 352",
    "category": "Toys & Games",
    "price": 66.63,
    "sku": "SKU-352-1100",
    "description": "High-quality Toys & Games Product 352 designed for performance and durability.",
    "image": "https://picsum.photos/200/300",
    "stock": 131
  },
  {
    "id": 367,
    "name": "Toys & Games Product 367",
    "category": "Toys & Games",
    "price": 142.95,
    "sku": "SKU-367-7895",
    "description": "High-quality Toys & Games Product 367 designed for performance and durability.",
    "image": "https://picsum.photos/200/300",
    "stock": 82
  },
  {
    "id": 376,
    "name": "Toys & Games Product 376",
    "category": "Toys & Games",
    "price": 72.95,
    "sku": "SKU-376-6790",
    "description": "High-quality Toys & Games Product 376 designed for performance and durability.",
    "image": "https://picsum.photos/200/300",
    "stock": 130
  },
  {
    "id": 381,
    "name": "Toys & Games Product 381",
    "category": "Toys & Games",
    "price": 114.52,
    "sku": "SKU-381-3015",
    "description": "High-quality Toys & Games Product 381 designed for performance and durability.",
    "image": "https://picsum.photos/200/300",
    "stock": 109
  },
  {
    "id": 395,
    "name": "Toys & Games Product 395",
    "category": "Toys & Games",
    "price": 133.74,
    "sku": "SKU-395-4484",
    "description": "High-quality Toys & Games Product 395 designed for performance and durability.",
    "image": "https://picsum.photos/200/300",
    "stock": 65
  },
  {
    "id": 399,
    "name": "Toys & Games Product 399",
    "category": "Toys & Games",
    "price": 82.3,
    "sku": "SKU-399-6013",
    "description": "High-quality Toys & Games Product 399 designed for performance and durability.",
    "image": "https://picsum.photos/200/300",
    "stock": 67
  },
  {
    "id": 401,
    "name": "Toys & Games Product 401",
    "category": "Toys & Games",
    "price": 63.77,
    "sku": "SKU-401-7430",
    "description": "High-quality Toys & Games Product 401 designed for performance and durability.",
    "image": "https://picsum.photos/200/300",
    "stock": 1
  },
  {
    "id": 411,
    "name": "Toys & Games Product 411",
    "category": "Toys & Games",
    "price": 87.61,
    "sku": "SKU-411-3072",
    "description": "High-quality Toys & Games Product 411 designed for performance and durability.",
    "image": "https://picsum.photos/200/300",
    "stock": 108
  },
  {
    "id": 412,
    "name": "Toys & Games Product 412",
    "category": "Toys & Games",
    "price": 149.94,
    "sku": "SKU-412-1558",
    "description": "High-quality Toys & Games Product 412 designed for performance and durability.",
    "image": "https://picsum.photos/200/300",
    "stock": 106
  },
  {
    "id": 421,
    "name": "Toys & Games Product 421",
    "category": "Toys & Games",
    "price": 62.49,
    "sku": "SKU-421-2051",
    "description": "High-quality Toys & Games Product 421 designed for performance and durability.",
    "image": "https://picsum.photos/200/300",
    "stock": 86
  },
  {
    "id": 425,
    "name": "Toys & Games Product 425",
    "category": "Toys & Games",
    "price": 203.88,
    "sku": "SKU-425-1287",
    "description": "High-quality Toys & Games Product 425 designed for performance and durability.",
    "image": "https://picsum.photos/200/300",
    "stock": 74
  },
  {
    "id": 429,
    "name": "Toys & Games Product 429",
    "category": "Toys & Games",
    "price": 143.93,
    "sku": "SKU-429-4065",
    "description": "High-quality Toys & Games Product 429 designed for performance and durability.",
    "image": "https://picsum.photos/200/300",
    "stock": 128
  },
  {
    "id": 439,
    "name": "Toys & Games Product 439",
    "category": "Toys & Games",
    "price": 92.92,
    "sku": "SKU-439-2448",
    "description": "High-quality Toys & Games Product 439 designed for performance and durability.",
    "image": "https://picsum.photos/200/300",
    "stock": 23
  },
  {
    "id": 447,
    "name": "Toys & Games Product 447",
    "category": "Toys & Games",
    "price": 138.42,
    "sku": "SKU-447-7273",
    "description": "High-quality Toys & Games Product 447 designed for performance and durability.",
    "image": "https://picsum.photos/200/300",
    "stock": 136
  },
  {
    "id": 453,
    "name": "Toys & Games Product 453",
    "category": "Toys & Games",
    "price": 123.36,
    "sku": "SKU-453-5942",
    "description": "High-quality Toys & Games Product 453 designed for performance and durability.",
    "image": "https://picsum.photos/200/300",
    "stock": 106
  },
  {
    "id": 464,
    "name": "Toys & Games Product 464",
    "category": "Toys & Games",
    "price": 170.46,
    "sku": "SKU-464-2707",
    "description": "High-quality Toys & Games Product 464 designed for performance and durability.",
    "image": "https://picsum.photos/200/300",
    "stock": 90
  },
  {
    "id": 478,
    "name": "Toys & Games Product 478",
    "category": "Toys & Games",
    "price": 197.76,
    "sku": "SKU-478-5277",
    "description": "High-quality Toys & Games Product 478 designed for performance and durability.",
    "image": "https://picsum.photos/200/300",
    "stock": 74
  },
  {
    "id": 480,
    "name": "Toys & Games Product 480",
    "category": "Toys & Games",
    "price": 164.57,
    "sku": "SKU-480-8005",
    "description": "High-quality Toys & Games Product 480 designed for performance and durability.",
    "image": "https://picsum.photos/200/300",
    "stock": 76
  },
  {
    "id": 485,
    "name": "Toys & Games Product 485",
    "category": "Toys & Games",
    "price": 68.49,
    "sku": "SKU-485-3707",
    "description": "High-quality Toys & Games Product 485 designed for performance and durability.",
    "image": "https://picsum.photos/200/300",
    "stock": 70
  },
  {
    "id": 486,
    "name": "Toys & Games Product 486",
    "category": "Toys & Games",
    "price": 189.2,
    "sku": "SKU-486-2556",
    "description": "High-quality Toys & Games Product 486 designed for performance and durability.",
    "image": "https://picsum.photos/200/300",
    "stock": 111
  },
  {
    "id": 506,
    "name": "Toys & Games Product 506",
    "category": "Toys & Games",
    "price": 63.03,
    "sku": "SKU-506-3879",
    "description": "High-quality Toys & Games Product 506 designed for performance and durability.",
    "image": "https://picsum.photos/200/300",
    "stock": 93
  },
  {
    "id": 526,
    "name": "Toys & Games Product 526",
    "category": "Toys & Games",
    "price": 11.42,
    "sku": "SKU-526-5269",
    "description": "High-quality Toys & Games Product 526 designed for performance and durability.",
    "image": "https://picsum.photos/200/300",
    "stock": 9
  },
  {
    "id": 541,
    "name": "Toys & Games Product 541",
    "category": "Toys & Games",
    "price": 132.09,
    "sku": "SKU-541-4647",
    "description": "High-quality Toys & Games Product 541 designed for performance and durability.",
    "image": "https://picsum.photos/200/300",
    "stock": 20
  },
  {
    "id": 545,
    "name": "Toys & Games Product 545",
    "category": "Toys & Games",
    "price": 65.07,
    "sku": "SKU-545-7835",
    "description": "High-quality Toys & Games Product 545 designed for performance and durability.",
    "image": "https://picsum.photos/200/300",
    "stock": 128
  },
  {
    "id": 557,
    "name": "Toys & Games Product 557",
    "category": "Toys & Games",
    "price": 108.08,
    "sku": "SKU-557-6238",
    "description": "High-quality Toys & Games Product 557 designed for performance and durability.",
    "image": "https://picsum.photos/200/300",
    "stock": 76
  },
  {
    "id": 562,
    "name": "Toys & Games Product 562",
    "category": "Toys & Games",
    "price": 81.05,
    "sku": "SKU-562-4383",
    "description": "High-quality Toys & Games Product 562 designed for performance and durability.",
    "image": "https://picsum.photos/200/300",
    "stock": 73
  },
  {
    "id": 564,
    "name": "Toys & Games Product 564",
    "category": "Toys & Games",
    "price": 71.01,
    "sku": "SKU-564-8270",
    "description": "High-quality Toys & Games Product 564 designed for performance and durability.",
    "image": "https://picsum.photos/200/300",
    "stock": 123
  },
  {
    "id": 566,
    "name": "Toys & Games Product 566",
    "category": "Toys & Games",
    "price": 108.19,
    "sku": "SKU-566-3430",
    "description": "High-quality Toys & Games Product 566 designed for performance and durability.",
    "image": "https://picsum.photos/200/300",
    "stock": 87
  },
  {
    "id": 567,
    "name": "Toys & Games Product 567",
    "category": "Toys & Games",
    "price": 196.05,
    "sku": "SKU-567-9748",
    "description": "High-quality Toys & Games Product 567 designed for performance and durability.",
    "image": "https://picsum.photos/200/300",
    "stock": 51
  },
  {
    "id": 570,
    "name": "Toys & Games Product 570",
    "category": "Toys & Games",
    "price": 34.1,
    "sku": "SKU-570-4651",
    "description": "High-quality Toys & Games Product 570 designed for performance and durability.",
    "image": "https://picsum.photos/200/300",
    "stock": 104
  },
  {
    "id": 578,
    "name": "Toys & Games Product 578",
    "category": "Toys & Games",
    "price": 64.05,
    "sku": "SKU-578-6690",
    "description": "High-quality Toys & Games Product 578 designed for performance and durability.",
    "image": "https://picsum.photos/200/300",
    "stock": 82
  },
  {
    "id": 579,
    "name": "Toys & Games Product 579",
    "category": "Toys & Games",
    "price": 147.91,
    "sku": "SKU-579-8973",
    "description": "High-quality Toys & Games Product 579 designed for performance and durability.",
    "image": "https://picsum.photos/200/300",
    "stock": 24
  },
  {
    "id": 614,
    "name": "Toys & Games Product 614",
    "category": "Toys & Games",
    "price": 135.1,
    "sku": "SKU-614-7530",
    "description": "High-quality Toys & Games Product 614 designed for performance and durability.",
    "image": "https://picsum.photos/200/300",
    "stock": 78
  },
  {
    "id": 621,
    "name": "Toys & Games Product 621",
    "category": "Toys & Games",
    "price": 64.38,
    "sku": "SKU-621-8406",
    "description": "High-quality Toys & Games Product 621 designed for performance and durability.",
    "image": "https://picsum.photos/200/300",
    "stock": 12
  },
  {
    "id": 645,
    "name": "Toys & Games Product 645",
    "category": "Toys & Games",
    "price": 131.99,
    "sku": "SKU-645-2108",
    "description": "High-quality Toys & Games Product 645 designed for performance and durability.",
    "image": "https://picsum.photos/200/300",
    "stock": 66
  },
  {
    "id": 661,
    "name": "Toys & Games Product 661",
    "category": "Toys & Games",
    "price": 156.63,
    "sku": "SKU-661-3420",
    "description": "High-quality Toys & Games Product 661 designed for performance and durability.",
    "image": "https://picsum.photos/200/300",
    "stock": 43
  },
  {
    "id": 674,
    "name": "Toys & Games Product 674",
    "category": "Toys & Games",
    "price": 34.36,
    "sku": "SKU-674-1495",
    "description": "High-quality Toys & Games Product 674 designed for performance and durability.",
    "image": "https://picsum.photos/200/300",
    "stock": 122
  },
  {
    "id": 683,
    "name": "Toys & Games Product 683",
    "category": "Toys & Games",
    "price": 137.06,
    "sku": "SKU-683-4465",
    "description": "High-quality Toys & Games Product 683 designed for performance and durability.",
    "image": "https://picsum.photos/200/300",
    "stock": 48
  },
  {
    "id": 687,
    "name": "Toys & Games Product 687",
    "category": "Toys & Games",
    "price": 19.85,
    "sku": "SKU-687-7968",
    "description": "High-quality Toys & Games Product 687 designed for performance and durability.",
    "image": "https://picsum.photos/200/300",
    "stock": 40
  },
  {
    "id": 691,
    "name": "Toys & Games Product 691",
    "category": "Toys & Games",
    "price": 56.38,
    "sku": "SKU-691-7043",
    "description": "High-quality Toys & Games Product 691 designed for performance and durability.",
    "image": "https://picsum.photos/200/300",
    "stock": 146
  },
  {
    "id": 696,
    "name": "Toys & Games Product 696",
    "category": "Toys & Games",
    "price": 61.82,
    "sku": "SKU-696-7128",
    "description": "High-quality Toys & Games Product 696 designed for performance and durability.",
    "image": "https://picsum.photos/200/300",
    "stock": 142
  },
  {
    "id": 712,
    "name": "Toys & Games Product 712",
    "category": "Toys & Games",
    "price": 137.95,
    "sku": "SKU-712-9476",
    "description": "High-quality Toys & Games Product 712 designed for performance and durability.",
    "image": "https://picsum.photos/200/300",
    "stock": 89
  },
  {
    "id": 714,
    "name": "Toys & Games Product 714",
    "category": "Toys & Games",
    "price": 199.65,
    "sku": "SKU-714-3524",
    "description": "High-quality Toys & Games Product 714 designed for performance and durability.",
    "image": "https://picsum.photos/200/300",
    "stock": 109
  },
  {
    "id": 722,
    "name": "Toys & Games Product 722",
    "category": "Toys & Games",
    "price": 173.54,
    "sku": "SKU-722-4810",
    "description": "High-quality Toys & Games Product 722 designed for performance and durability.",
    "image": "https://picsum.photos/200/300",
    "stock": 31
  },
  {
    "id": 727,
    "name": "Toys & Games Product 727",
    "category": "Toys & Games",
    "price": 101.22,
    "sku": "SKU-727-4296",
    "description": "High-quality Toys & Games Product 727 designed for performance and durability.",
    "image": "https://picsum.photos/200/300",
    "stock": 105
  },
  {
    "id": 730,
    "name": "Toys & Games Product 730",
    "category": "Toys & Games",
    "price": 100.21,
    "sku": "SKU-730-4117",
    "description": "High-quality Toys & Games Product 730 designed for performance and durability.",
    "image": "https://picsum.photos/200/300",
    "stock": 97
  },
  {
    "id": 754,
    "name": "Toys & Games Product 754",
    "category": "Toys & Games",
    "price": 130.09,
    "sku": "SKU-754-1185",
    "description": "High-quality Toys & Games Product 754 designed for performance and durability.",
    "image": "https://picsum.photos/200/300",
    "stock": 11
  },
  {
    "id": 769,
    "name": "Toys & Games Product 769",
    "category": "Toys & Games",
    "price": 10.54,
    "sku": "SKU-769-1030",
    "description": "High-quality Toys & Games Product 769 designed for performance and durability.",
    "image": "https://picsum.photos/200/300",
    "stock": 70
  },
  {
    "id": 780,
    "name": "Toys & Games Product 780",
    "category": "Toys & Games",
    "price": 182.27,
    "sku": "SKU-780-9255",
    "description": "High-quality Toys & Games Product 780 designed for performance and durability.",
    "image": "https://picsum.photos/200/300",
    "stock": 99
  },
  {
    "id": 789,
    "name": "Toys & Games Product 789",
    "category": "Toys & Games",
    "price": 92.68,
    "sku": "SKU-789-2402",
    "description": "High-quality Toys & Games Product 789 designed for performance and durability.",
    "image": "https://picsum.photos/200/300",
    "stock": 30
  },
  {
    "id": 802,
    "name": "Toys & Games Product 802",
    "category": "Toys & Games",
    "price": 156.25,
    "sku": "SKU-802-7477",
    "description": "High-quality Toys & Games Product 802 designed for performance and durability.",
    "image": "https://picsum.photos/200/300",
    "stock": 78
  },
  {
    "id": 806,
    "name": "Toys & Games Product 806",
    "category": "Toys & Games",
    "price": 8.09,
    "sku": "SKU-806-6120",
    "description": "High-quality Toys & Games Product 806 designed for performance and durability.",
    "image": "https://picsum.photos/200/300",
    "stock": 16
  },
  {
    "id": 829,
    "name": "Toys & Games Product 829",
    "category": "Toys & Games",
    "price": 188.19,
    "sku": "SKU-829-3396",
    "description": "High-quality Toys & Games Product 829 designed for performance and durability.",
    "image": "https://picsum.photos/200/300",
    "stock": 124
  },
  {
    "id": 833,
    "name": "Toys & Games Product 833",
    "category": "Toys & Games",
    "price": 168.75,
    "sku": "SKU-833-6899",
    "description": "High-quality Toys & Games Product 833 designed for performance and durability.",
    "image": "https://picsum.photos/200/300",
    "stock": 54
  },
  {
    "id": 845,
    "name": "Toys & Games Product 845",
    "category": "Toys & Games",
    "price": 16.41,
    "sku": "SKU-845-6329",
    "description": "High-quality Toys & Games Product 845 designed for performance and durability.",
    "image": "https://picsum.photos/200/300",
    "stock": 23
  },
  {
    "id": 853,
    "name": "Toys & Games Product 853",
    "category": "Toys & Games",
    "price": 98.31,
    "sku": "SKU-853-2795",
    "description": "High-quality Toys & Games Product 853 designed for performance and durability.",
    "image": "https://picsum.photos/200/300",
    "stock": 90
  },
  {
    "id": 871,
    "name": "Toys & Games Product 871",
    "category": "Toys & Games",
    "price": 91.24,
    "sku": "SKU-871-2479",
    "description": "High-quality Toys & Games Product 871 designed for performance and durability.",
    "image": "https://picsum.photos/200/300",
    "stock": 33
  },
  {
    "id": 899,
    "name": "Toys & Games Product 899",
    "category": "Toys & Games",
    "price": 175.68,
    "sku": "SKU-899-4171",
    "description": "High-quality Toys & Games Product 899 designed for performance and durability.",
    "image": "https://picsum.photos/200/300",
    "stock": 20
  },
  {
    "id": 914,
    "name": "Toys & Games Product 914",
    "category": "Toys & Games",
    "price": 150.73,
    "sku": "SKU-914-2461",
    "description": "High-quality Toys & Games Product 914 designed for performance and durability.",
    "image": "https://picsum.photos/200/300",
    "stock": 128
  },
  {
    "id": 915,
    "name": "Toys & Games Product 915",
    "category": "Toys & Games",
    "price": 44.98,
    "sku": "SKU-915-8577",
    "description": "High-quality Toys & Games Product 915 designed for performance and durability.",
    "image": "https://picsum.photos/200/300",
    "stock": 22
  },
  {
    "id": 917,
    "name": "Toys & Games Product 917",
    "category": "Toys & Games",
    "price": 126.12,
    "sku": "SKU-917-4433",
    "description": "High-quality Toys & Games Product 917 designed for performance and durability.",
    "image": "https://picsum.photos/200/300",
    "stock": 12
  },
  {
    "id": 950,
    "name": "Toys & Games Product 950",
    "category": "Toys & Games",
    "price": 101.72,
    "sku": "SKU-950-6086",
    "description": "High-quality Toys & Games Product 950 designed for performance and durability.",
    "image": "https://picsum.photos/200/300",
    "stock": 106
  },
  {
    "id": 952,
    "name": "Toys & Games Product 952",
    "category": "Toys & Games",
    "price": 136.64,
    "sku": "SKU-952-2467",
    "description": "High-quality Toys & Games Product 952 designed for performance and durability.",
    "image": "https://picsum.photos/200/300",
    "stock": 88
  },
  {
    "id": 962,
    "name": "Toys & Games Product 962",
    "category": "Toys & Games",
    "price": 58.77,
    "sku": "SKU-962-5234",
    "description": "High-quality Toys & Games Product 962 designed for performance and durability.",
    "image": "https://picsum.photos/200/300",
    "stock": 116
  },
  {
    "id": 983,
    "name": "Toys & Games Product 983",
    "category": "Toys & Games",
    "price": 171.31,
    "sku": "SKU-983-7537",
    "description": "High-quality Toys & Games Product 983 designed for performance and durability.",
    "image": "https://picsum.photos/200/300",
    "stock": 109
  },
  {
    "id": 1003,
    "name": "Toys & Games Product 1003",
    "category": "Toys & Games",
    "price": 150.4,
    "sku": "SKU-1003-8620",
    "description": "High-quality Toys & Games Product 1003 designed for performance and durability.",
    "image": "https://picsum.photos/200/300",
    "stock": 60
  },
  {
    "id": 1008,
    "name": "Toys & Games Product 1008",
    "category": "Toys & Games",
    "price": 20.07,
    "sku": "SKU-1008-2507",
    "description": "High-quality Toys & Games Product 1008 designed for performance and durability.",
    "image": "https://picsum.photos/200/300",
    "stock": 9
  },
  {
    "id": 1035,
    "name": "Toys & Games Product 1035",
    "category": "Toys & Games",
    "price": 179.45,
    "sku": "SKU-1035-2406",
    "description": "High-quality Toys & Games Product 1035 designed for performance and durability.",
    "image": "https://picsum.photos/200/300",
    "stock": 6
  },
  {
    "id": 1041,
    "name": "Toys & Games Product 1041",
    "category": "Toys & Games",
    "price": 58.21,
    "sku": "SKU-1041-8550",
    "description": "High-quality Toys & Games Product 1041 designed for performance and durability.",
    "image": "https://picsum.photos/200/300",
    "stock": 55
  },
  {
    "id": 1042,
    "name": "Toys & Games Product 1042",
    "category": "Toys & Games",
    "price": 13.55,
    "sku": "SKU-1042-9619",
    "description": "High-quality Toys & Games Product 1042 designed for performance and durability.",
    "image": "https://picsum.photos/200/300",
    "stock": 55
  },
  {
    "id": 1043,
    "name": "Toys & Games Product 1043",
    "category": "Toys & Games",
    "price": 12.05,
    "sku": "SKU-1043-6118",
    "description": "High-quality Toys & Games Product 1043 designed for performance and durability.",
    "image": "https://picsum.photos/200/300",
    "stock": 70
  },
  {
    "id": 1047,
    "name": "Toys & Games Product 1047",
    "category": "Toys & Games",
    "price": 133.45,
    "sku": "SKU-1047-3829",
    "description": "High-quality Toys & Games Product 1047 designed for performance and durability.",
    "image": "https://picsum.photos/200/300",
    "stock": 1
  },
  {
    "id": 1061,
    "name": "Toys & Games Product 1061",
    "category": "Toys & Games",
    "price": 37.53,
    "sku": "SKU-1061-4178",
    "description": "High-quality Toys & Games Product 1061 designed for performance and durability.",
    "image": "https://picsum.photos/200/300",
    "stock": 76
  },
  {
    "id": 1062,
    "name": "Toys & Games Product 1062",
    "category": "Toys & Games",
    "price": 83.78,
    "sku": "SKU-1062-3983",
    "description": "High-quality Toys & Games Product 1062 designed for performance and durability.",
    "image": "https://picsum.photos/200/300",
    "stock": 20
  },
  {
    "id": 1066,
    "name": "Toys & Games Product 1066",
    "category": "Toys & Games",
    "price": 75.24,
    "sku": "SKU-1066-9223",
    "description": "High-quality Toys & Games Product 1066 designed for performance and durability.",
    "image": "https://picsum.photos/200/300",
    "stock": 66
  },
  {
    "id": 1084,
    "name": "Toys & Games Product 1084",
    "category": "Toys & Games",
    "price": 40.78,
    "sku": "SKU-1084-8252",
    "description": "High-quality Toys & Games Product 1084 designed for performance and durability.",
    "image": "https://picsum.photos/200/300",
    "stock": 133
  },
  {
    "id": 1089,
    "name": "Toys & Games Product 1089",
    "category": "Toys & Games",
    "price": 15.11,
    "sku": "SKU-1089-7370",
    "description": "High-quality Toys & Games Product 1089 designed for performance and durability.",
    "image": "https://picsum.photos/200/300",
    "stock": 133
  },
  {
    "id": 1091,
    "name": "Toys & Games Product 1091",
    "category": "Toys & Games",
    "price": 190.29,
    "sku": "SKU-1091-9162",
    "description": "High-quality Toys & Games Product 1091 designed for performance and durability.",
    "image": "https://picsum.photos/200/300",
    "stock": 108
  },
  {
    "id": 1106,
    "name": "Toys & Games Product 1106",
    "category": "Toys & Games",
    "price": 203.55,
    "sku": "SKU-1106-7854",
    "description": "High-quality Toys & Games Product 1106 designed for performance and durability.",
    "image": "https://picsum.photos/200/300",
    "stock": 104
  },
  {
    "id": 1110,
    "name": "Toys & Games Product 1110",
    "category": "Toys & Games",
    "price": 149.64,
    "sku": "SKU-1110-4095",
    "description": "High-quality Toys & Games Product 1110 designed for performance and durability.",
    "image": "https://picsum.photos/200/300",
    "stock": 69
  },
  {
    "id": 1112,
    "name": "Toys & Games Product 1112",
    "category": "Toys & Games",
    "price": 31.67,
    "sku": "SKU-1112-2798",
    "description": "High-quality Toys & Games Product 1112 designed for performance and durability.",
    "image": "https://picsum.photos/200/300",
    "stock": 82
  },
  {
    "id": 1137,
    "name": "Toys & Games Product 1137",
    "category": "Toys & Games",
    "price": 41.64,
    "sku": "SKU-1137-8254",
    "description": "High-quality Toys & Games Product 1137 designed for performance and durability.",
    "image": "https://picsum.photos/200/300",
    "stock": 80
  },
  {
    "id": 1142,
    "name": "Toys & Games Product 1142",
    "category": "Toys & Games",
    "price": 71.86,
    "sku": "SKU-1142-8387",
    "description": "High-quality Toys & Games Product 1142 designed for performance and durability.",
    "image": "https://picsum.photos/200/300",
    "stock": 105
  },
  {
    "id": 1143,
    "name": "Toys & Games Product 1143",
    "category": "Toys & Games",
    "price": 56.47,
    "sku": "SKU-1143-9043",
    "description": "High-quality Toys & Games Product 1143 designed for performance and durability.",
    "image": "https://picsum.photos/200/300",
    "stock": 150
  },
  {
    "id": 1151,
    "name": "Toys & Games Product 1151",
    "category": "Toys & Games",
    "price": 8.31,
    "sku": "SKU-1151-6692",
    "description": "High-quality Toys & Games Product 1151 designed for performance and durability.",
    "image": "https://picsum.photos/200/300",
    "stock": 68
  },
  {
    "id": 1153,
    "name": "Toys & Games Product 1153",
    "category": "Toys & Games",
    "price": 41.17,
    "sku": "SKU-1153-8311",
    "description": "High-quality Toys & Games Product 1153 designed for performance and durability.",
    "image": "https://picsum.photos/200/300",
    "stock": 97
  },
  {
    "id": 1162,
    "name": "Toys & Games Product 1162",
    "category": "Toys & Games",
    "price": 13.04,
    "sku": "SKU-1162-7779",
    "description": "High-quality Toys & Games Product 1162 designed for performance and durability.",
    "image": "https://picsum.photos/200/300",
    "stock": 138
  },
  {
    "id": 1175,
    "name": "Toys & Games Product 1175",
    "category": "Toys & Games",
    "price": 99.2,
    "sku": "SKU-1175-3546",
    "description": "High-quality Toys & Games Product 1175 designed for performance and durability.",
    "image": "https://picsum.photos/200/300",
    "stock": 122
  },
  {
    "id": 1176,
    "name": "Toys & Games Product 1176",
    "category": "Toys & Games",
    "price": 181.88,
    "sku": "SKU-1176-1188",
    "description": "High-quality Toys & Games Product 1176 designed for performance and durability.",
    "image": "https://picsum.photos/200/300",
    "stock": 144
  },
  {
    "id": 1179,
    "name": "Toys & Games Product 1179",
    "category": "Toys & Games",
    "price": 87.83,
    "sku": "SKU-1179-2804",
    "description": "High-quality Toys & Games Product 1179 designed for performance and durability.",
    "image": "https://picsum.photos/200/300",
    "stock": 12
  },
  {
    "id": 1183,
    "name": "Toys & Games Product 1183",
    "category": "Toys & Games",
    "price": 13.97,
    "sku": "SKU-1183-9759",
    "description": "High-quality Toys & Games Product 1183 designed for performance and durability.",
    "image": "https://picsum.photos/200/300",
    "stock": 96
  },
  {
    "id": 1184,
    "name": "Toys & Games Product 1184",
    "category": "Toys & Games",
    "price": 169.99,
    "sku": "SKU-1184-2035",
    "description": "High-quality Toys & Games Product 1184 designed for performance and durability.",
    "image": "https://picsum.photos/200/300",
    "stock": 103
  },
  {
    "id": 1196,
    "name": "Toys & Games Product 1196",
    "category": "Toys & Games",
    "price": 20.02,
    "sku": "SKU-1196-2966",
    "description": "High-quality Toys & Games Product 1196 designed for performance and durability.",
    "image": "https://picsum.photos/200/300",
    "stock": 81
  },
  {
    "id": 1216,
    "name": "Toys & Games Product 1216",
    "category": "Toys & Games",
    "price": 85.77,
    "sku": "SKU-1216-5614",
    "description": "High-quality Toys & Games Product 1216 designed for performance and durability.",
    "image": "https://picsum.photos/200/300",
    "stock": 141
  },
  {
    "id": 1219,
    "name": "Toys & Games Product 1219",
    "category": "Toys & Games",
    "price": 193.25,
    "sku": "SKU-1219-7452",
    "description": "High-quality Toys & Games Product 1219 designed for performance and durability.",
    "image": "https://picsum.photos/200/300",
    "stock": 116
  },
  {
    "id": 1220,
    "name": "Toys & Games Product 1220",
    "category": "Toys & Games",
    "price": 31.51,
    "sku": "SKU-1220-2606",
    "description": "High-quality Toys & Games Product 1220 designed for performance and durability.",
    "image": "https://picsum.photos/200/300",
    "stock": 117
  },
  {
    "id": 1234,
    "name": "Toys & Games Product 1234",
    "category": "Toys & Games",
    "price": 192.71,
    "sku": "SKU-1234-4420",
    "description": "High-quality Toys & Games Product 1234 designed for performance and durability.",
    "image": "https://picsum.photos/200/300",
    "stock": 142
  },
  {
    "id": 1235,
    "name": "Toys & Games Product 1235",
    "category": "Toys & Games",
    "price": 161.26,
    "sku": "SKU-1235-1105",
    "description": "High-quality Toys & Games Product 1235 designed for performance and durability.",
    "image": "https://picsum.photos/200/300",
    "stock": 111
  },
  {
    "id": 1241,
    "name": "Toys & Games Product 1241",
    "category": "Toys & Games",
    "price": 75.62,
    "sku": "SKU-1241-1422",
    "description": "High-quality Toys & Games Product 1241 designed for performance and durability.",
    "image": "https://picsum.photos/200/300",
    "stock": 99
  },
  {
    "id": 1246,
    "name": "Toys & Games Product 1246",
    "category": "Toys & Games",
    "price": 85.68,
    "sku": "SKU-1246-7450",
    "description": "High-quality Toys & Games Product 1246 designed for performance and durability.",
    "image": "https://picsum.photos/200/300",
    "stock": 98
  },
  {
    "id": 1269,
    "name": "Toys & Games Product 1269",
    "category": "Toys & Games",
    "price": 84.28,
    "sku": "SKU-1269-1893",
    "description": "High-quality Toys & Games Product 1269 designed for performance and durability.",
    "image": "https://picsum.photos/200/300",
    "stock": 40
  },
  {
    "id": 1272,
    "name": "Toys & Games Product 1272",
    "category": "Toys & Games",
    "price": 81.59,
    "sku": "SKU-1272-7846",
    "description": "High-quality Toys & Games Product 1272 designed for performance and durability.",
    "image": "https://picsum.photos/200/300",
    "stock": 25
  },
  {
    "id": 1295,
    "name": "Toys & Games Product 1295",
    "category": "Toys & Games",
    "price": 69.79,
    "sku": "SKU-1295-5740",
    "description": "High-quality Toys & Games Product 1295 designed for performance and durability.",
    "image": "https://picsum.photos/200/300",
    "stock": 17
  },
  {
    "id": 1298,
    "name": "Toys & Games Product 1298",
    "category": "Toys & Games",
    "price": 85.58,
    "sku": "SKU-1298-8676",
    "description": "High-quality Toys & Games Product 1298 designed for performance and durability.",
    "image": "https://picsum.photos/200/300",
    "stock": 49
  },
  {
    "id": 1317,
    "name": "Toys & Games Product 1317",
    "category": "Toys & Games",
    "price": 17.69,
    "sku": "SKU-1317-6612",
    "description": "High-quality Toys & Games Product 1317 designed for performance and durability.",
    "image": "https://picsum.photos/200/300",
    "stock": 96
  },
  {
    "id": 1340,
    "name": "Toys & Games Product 1340",
    "category": "Toys & Games",
    "price": 51.42,
    "sku": "SKU-1340-3721",
    "description": "High-quality Toys & Games Product 1340 designed for performance and durability.",
    "image": "https://picsum.photos/200/300",
    "stock": 43
  },
  {
    "id": 1358,
    "name": "Toys & Games Product 1358",
    "category": "Toys & Games",
    "price": 77.64,
    "sku": "SKU-1358-4236",
    "description": "High-quality Toys & Games Product 1358 designed for performance and durability.",
    "image": "https://picsum.photos/200/300",
    "stock": 13
  },
  {
    "id": 1374,
    "name": "Toys & Games Product 1374",
    "category": "Toys & Games",
    "price": 202.37,
    "sku": "SKU-1374-8798",
    "description": "High-quality Toys & Games Product 1374 designed for performance and durability.",
    "image": "https://picsum.photos/200/300",
    "stock": 30
  },
  {
    "id": 1379,
    "name": "Toys & Games Product 1379",
    "category": "Toys & Games",
    "price": 28.88,
    "sku": "SKU-1379-3061",
    "description": "High-quality Toys & Games Product 1379 designed for performance and durability.",
    "image": "https://picsum.photos/200/300",
    "stock": 4
  },
  {
    "id": 1381,
    "name": "Toys & Games Product 1381",
    "category": "Toys & Games",
    "price": 25.65,
    "sku": "SKU-1381-3996",
    "description": "High-quality Toys & Games Product 1381 designed for performance and durability.",
    "image": "https://picsum.photos/200/300",
    "stock": 124
  },
  {
    "id": 1386,
    "name": "Toys & Games Product 1386",
    "category": "Toys & Games",
    "price": 11.52,
    "sku": "SKU-1386-9913",
    "description": "High-quality Toys & Games Product 1386 designed for performance and durability.",
    "image": "https://picsum.photos/200/300",
    "stock": 60
  },
  {
    "id": 1388,
    "name": "Toys & Games Product 1388",
    "category": "Toys & Games",
    "price": 65.56,
    "sku": "SKU-1388-4124",
    "description": "High-quality Toys & Games Product 1388 designed for performance and durability.",
    "image": "https://picsum.photos/200/300",
    "stock": 67
  },
  {
    "id": 1394,
    "name": "Toys & Games Product 1394",
    "category": "Toys & Games",
    "price": 54.89,
    "sku": "SKU-1394-9461",
    "description": "High-quality Toys & Games Product 1394 designed for performance and durability.",
    "image": "https://picsum.photos/200/300",
    "stock": 139
  },
  {
    "id": 1399,
    "name": "Toys & Games Product 1399",
    "category": "Toys & Games",
    "price": 135.71,
    "sku": "SKU-1399-2661",
    "description": "High-quality Toys & Games Product 1399 designed for performance and durability.",
    "image": "https://picsum.photos/200/300",
    "stock": 57
  },
  {
    "id": 1407,
    "name": "Toys & Games Product 1407",
    "category": "Toys & Games",
    "price": 170.44,
    "sku": "SKU-1407-3667",
    "description": "High-quality Toys & Games Product 1407 designed for performance and durability.",
    "image": "https://picsum.photos/200/300",
    "stock": 59
  },
  {
    "id": 1414,
    "name": "Toys & Games Product 1414",
    "category": "Toys & Games",
    "price": 41.71,
    "sku": "SKU-1414-6617",
    "description": "High-quality Toys & Games Product 1414 designed for performance and durability.",
    "image": "https://picsum.photos/200/300",
    "stock": 7
  },
  {
    "id": 1416,
    "name": "Toys & Games Product 1416",
    "category": "Toys & Games",
    "price": 75.33,
    "sku": "SKU-1416-8328",
    "description": "High-quality Toys & Games Product 1416 designed for performance and durability.",
    "image": "https://picsum.photos/200/300",
    "stock": 130
  },
  {
    "id": 1421,
    "name": "Toys & Games Product 1421",
    "category": "Toys & Games",
    "price": 70.78,
    "sku": "SKU-1421-4655",
    "description": "High-quality Toys & Games Product 1421 designed for performance and durability.",
    "image": "https://picsum.photos/200/300",
    "stock": 18
  },
  {
    "id": 1424,
    "name": "Toys & Games Product 1424",
    "category": "Toys & Games",
    "price": 47.81,
    "sku": "SKU-1424-1414",
    "description": "High-quality Toys & Games Product 1424 designed for performance and durability.",
    "image": "https://picsum.photos/200/300",
    "stock": 3
  },
  {
    "id": 1440,
    "name": "Toys & Games Product 1440",
    "category": "Toys & Games",
    "price": 141.06,
    "sku": "SKU-1440-1849",
    "description": "High-quality Toys & Games Product 1440 designed for performance and durability.",
    "image": "https://picsum.photos/200/300",
    "stock": 141
  },
  {
    "id": 1454,
    "name": "Toys & Games Product 1454",
    "category": "Toys & Games",
    "price": 77.76,
    "sku": "SKU-1454-4588",
    "description": "High-quality Toys & Games Product 1454 designed for performance and durability.",
    "image": "https://picsum.photos/200/300",
    "stock": 141
  },
  {
    "id": 1458,
    "name": "Toys & Games Product 1458",
    "category": "Toys & Games",
    "price": 159.18,
    "sku": "SKU-1458-6948",
    "description": "High-quality Toys & Games Product 1458 designed for performance and durability.",
    "image": "https://picsum.photos/200/300",
    "stock": 73
  },
  {
    "id": 1463,
    "name": "Toys & Games Product 1463",
    "category": "Toys & Games",
    "price": 174.48,
    "sku": "SKU-1463-3450",
    "description": "High-quality Toys & Games Product 1463 designed for performance and durability.",
    "image": "https://picsum.photos/200/300",
    "stock": 41
  },
  {
    "id": 1473,
    "name": "Toys & Games Product 1473",
    "category": "Toys & Games",
    "price": 151.94,
    "sku": "SKU-1473-9310",
    "description": "High-quality Toys & Games Product 1473 designed for performance and durability.",
    "image": "https://picsum.photos/200/300",
    "stock": 110
  },
  {
    "id": 1477,
    "name": "Toys & Games Product 1477",
    "category": "Toys & Games",
    "price": 62.03,
    "sku": "SKU-1477-8711",
    "description": "High-quality Toys & Games Product 1477 designed for performance and durability.",
    "image": "https://picsum.photos/200/300",
    "stock": 133
  },
  {
    "id": 1488,
    "name": "Toys & Games Product 1488",
    "category": "Toys & Games",
    "price": 116.8,
    "sku": "SKU-1488-8277",
    "description": "High-quality Toys & Games Product 1488 designed for performance and durability.",
    "image": "https://picsum.photos/200/300",
    "stock": 60
  }
]